IndicatorCode,Indicator,ValueType,ParentLocationCode,ParentLocation,Location type,SpatialDimValueCode,Location,Period type,Period,IsLatestYear,Dim1 type,Dim1,Dim1ValueCode,Dim2 type,Dim2,Dim2ValueCode,Dim3 type,Dim3,Dim3ValueCode,DataSourceDimValueCode,DataSource,FactValueNumericPrefix,FactValueNumeric,FactValueUoM,FactValueNumericLowPrefix,FactValueNumericLow,FactValueNumericHighPrefix,FactValueNumericHigh,Value,FactValueTranslationID,FactComments,Language,DateModified
HEPATITIS_HBV_PREVALENCE_PER100,Prevalence of chronic hepatitis B (HBV) in the general population (%),numeric,AMR,Americas,Country,CHL,Chile,Year,2022,true,,,,,,,,,,,,,0.1,,,,,,0.1,,,EN,2025-01-07T18:30:00.000Z
HEPATITIS_HBV_PREVALENCE_PER100,Prevalence of chronic hepatitis B (HBV) in the general population (%),numeric,AMR,Americas,Country,MEX,Mexico,Year,2022,true,,,,,,,,,,,,,0.1,,,,,,0.1,,,EN,2025-01-07T18:30:00.000Z
HEPATITIS_HBV_PREVALENCE_PER100,Prevalence of chronic hepatitis B (HBV) in the general population (%),numeric,AMR,Americas,Country,ARG,Argentina,Year,2022,true,,,,,,,,,,,,,0.2,,,,,,0.2,,,EN,2025-01-07T18:30:00.000Z
HEPATITIS_HBV_PREVALENCE_PER100,Prevalence of chronic hepatitis B (HBV) in the general population (%),numeric,AMR,Americas,Country,BOL,Bolivia (Plurinational State of),Year,2022,true,,,,,,,,,,,,,0.2,,,,,,0.2,,,EN,2025-01-07T18:30:00.000Z
HEPATITIS_HBV_PREVALENCE_PER100,Prevalence of chronic hepatitis B (HBV) in the general population (%),numeric,EUR,Europe,Country,DNK,Denmark,Year,2022,true,,,,,,,,,,,,,0.2,,,,,,0.2,,,EN,2025-01-07T18:30:00.000Z
HEPATITIS_HBV_PREVALENCE_PER100,Prevalence of chronic hepatitis B (HBV) in the general population (%),numeric,EUR,Europe,Country,FRA,France,Year,2022,true,,,,,,,,,,,,,0.3,,,,,,0.3,,,EN,2025-01-07T18:30:00.000Z
HEPATITIS_HBV_PREVALENCE_PER100,Prevalence of chronic hepatitis B (HBV) in the general population (%),numeric,EUR,Europe,Country,DEU,Germany,Year,2022,true,,,,,,,,,,,,,0.3,,,,,,0.3,,,EN,2025-01-07T18:30:00.000Z
HEPATITIS_HBV_PREVALENCE_PER100,Prevalence of chronic hepatitis B (HBV) in the general population (%),numeric,AMR,Americas,Country,HND,Honduras,Year,2022,true,,,,,,,,,,,,,0.3,,,,,,0.3,,,EN,2025-01-07T18:30:00.000Z
HEPATITIS_HBV_PREVALENCE_PER100,Prevalence of chronic hepatitis B (HBV) in the general population (%),numeric,EUR,Europe,Country,NLD,Netherlands (Kingdom of the),Year,2022,true,,,,,,,,,,,,,0.3,,,,,,0.3,,,EN,2025-01-07T18:30:00.000Z
HEPATITIS_HBV_PREVALENCE_PER100,Prevalence of chronic hepatitis B (HBV) in the general population (%),numeric,EUR,Europe,Country,NOR,Norway,Year,2022,true,,,,,,,,,,,,,0.3,,,,,,0.3,,,EN,2025-01-07T18:30:00.000Z
HEPATITIS_HBV_PREVALENCE_PER100,Prevalence of chronic hepatitis B (HBV) in the general population (%),numeric,AMR,Americas,Country,PAN,Panama,Year,2022,true,,,,,,,,,,,,,0.3,,,,,,0.3,,,EN,2025-01-07T18:30:00.000Z
HEPATITIS_HBV_PREVALENCE_PER100,Prevalence of chronic hepatitis B (HBV) in the general population (%),numeric,EUR,Europe,Country,IRL,Ireland,Year,2022,true,,,,,,,,,,,,,0.4,,,,,,0.4,,,EN,2025-01-07T18:30:00.000Z
HEPATITIS_HBV_PREVALENCE_PER100,Prevalence of chronic hepatitis B (HBV) in the general population (%),numeric,AMR,Americas,Country,PER,Peru,Year,2022,true,,,,,,,,,,,,,0.4,,,,,,0.4,,,EN,2025-01-07T18:30:00.000Z
HEPATITIS_HBV_PREVALENCE_PER100,Prevalence of chronic hepatitis B (HBV) in the general population (%),numeric,EUR,Europe,Country,PRT,Portugal,Year,2022,true,,,,,,,,,,,,,0.4,,,,,,0.4,,,EN,2025-01-07T18:30:00.000Z
HEPATITIS_HBV_PREVALENCE_PER100,Prevalence of chronic hepatitis B (HBV) in the general population (%),numeric,EUR,Europe,Country,AND,Andorra,Year,2022,true,,,,,,,,,,,,,0.5,,,,,,0.5,,,EN,2025-01-07T18:30:00.000Z
HEPATITIS_HBV_PREVALENCE_PER100,Prevalence of chronic hepatitis B (HBV) in the general population (%),numeric,AMR,Americas,Country,BRA,Brazil,Year,2022,true,,,,,,,,,,,,,0.5,,,,,,0.5,,,EN,2025-01-07T18:30:00.000Z
HEPATITIS_HBV_PREVALENCE_PER100,Prevalence of chronic hepatitis B (HBV) in the general population (%),numeric,EUR,Europe,Country,ISL,Iceland,Year,2022,true,,,,,,,,,,,,,0.5,,,,,,0.5,,,EN,2025-01-07T18:30:00.000Z
HEPATITIS_HBV_PREVALENCE_PER100,Prevalence of chronic hepatitis B (HBV) in the general population (%),numeric,EUR,Europe,Country,ITA,Italy,Year,2022,true,,,,,,,,,,,,,0.5,,,,,,0.5,,,EN,2025-01-07T18:30:00.000Z
HEPATITIS_HBV_PREVALENCE_PER100,Prevalence of chronic hepatitis B (HBV) in the general population (%),numeric,EUR,Europe,Country,MCO,Monaco,Year,2022,true,,,,,,,,,,,,,0.5,,,,,,0.5,,,EN,2025-01-07T18:30:00.000Z
HEPATITIS_HBV_PREVALENCE_PER100,Prevalence of chronic hepatitis B (HBV) in the general population (%),numeric,AMR,Americas,Country,PRY,Paraguay,Year,2022,true,,,,,,,,,,,,,0.5,,,,,,0.5,,,EN,2025-01-07T18:30:00.000Z
HEPATITIS_HBV_PREVALENCE_PER100,Prevalence of chronic hepatitis B (HBV) in the general population (%),numeric,EUR,Europe,Country,SMR,San Marino,Year,2022,true,,,,,,,,,,,,,0.5,,,,,,0.5,,,EN,2025-01-07T18:30:00.000Z
HEPATITIS_HBV_PREVALENCE_PER100,Prevalence of chronic hepatitis B (HBV) in the general population (%),numeric,AMR,Americas,Country,COL,Colombia,Year,2022,true,,,,,,,,,,,,,0.6,,,,,,0.6,,,EN,2025-01-07T18:30:00.000Z
HEPATITIS_HBV_PREVALENCE_PER100,Prevalence of chronic hepatitis B (HBV) in the general population (%),numeric,AMR,Americas,Country,CUB,Cuba,Year,2022,true,,,,,,,,,,,,,0.6,,,,,,0.6,,,EN,2025-01-07T18:30:00.000Z
HEPATITIS_HBV_PREVALENCE_PER100,Prevalence of chronic hepatitis B (HBV) in the general population (%),numeric,AMR,Americas,Country,ECU,Ecuador,Year,2022,true,,,,,,,,,,,,,0.6,,,,,,0.6,,,EN,2025-01-07T18:30:00.000Z
HEPATITIS_HBV_PREVALENCE_PER100,Prevalence of chronic hepatitis B (HBV) in the general population (%),numeric,AMR,Americas,Country,GTM,Guatemala,Year,2022,true,,,,,,,,,,,,,0.6,,,,,,0.6,,,EN,2025-01-07T18:30:00.000Z
HEPATITIS_HBV_PREVALENCE_PER100,Prevalence of chronic hepatitis B (HBV) in the general population (%),numeric,EMR,Eastern Mediterranean,Country,MAR,Morocco,Year,2022,true,,,,,,,,,,,,,0.6,,,,,,0.6,,,EN,2025-01-07T18:30:00.000Z
HEPATITIS_HBV_PREVALENCE_PER100,Prevalence of chronic hepatitis B (HBV) in the general population (%),numeric,EUR,Europe,Country,POL,Poland,Year,2022,true,,,,,,,,,,,,,0.6,,,,,,0.6,,,EN,2025-01-07T18:30:00.000Z
HEPATITIS_HBV_PREVALENCE_PER100,Prevalence of chronic hepatitis B (HBV) in the general population (%),numeric,WPR,Western Pacific,Country,AUS,Australia,Year,2022,true,,,,,,,,,,,,,0.7,,,,,,0.7,,,EN,2025-01-07T18:30:00.000Z
HEPATITIS_HBV_PREVALENCE_PER100,Prevalence of chronic hepatitis B (HBV) in the general population (%),numeric,AMR,Americas,Country,NIC,Nicaragua,Year,2022,true,,,,,,,,,,,,,0.7,,,,,,0.7,,,EN,2025-01-07T18:30:00.000Z
HEPATITIS_HBV_PREVALENCE_PER100,Prevalence of chronic hepatitis B (HBV) in the general population (%),numeric,EUR,Europe,Country,CHE,Switzerland,Year,2022,true,,,,,,,,,,,,,0.7,,,,,,0.7,,,EN,2025-01-07T18:30:00.000Z
HEPATITIS_HBV_PREVALENCE_PER100,Prevalence of chronic hepatitis B (HBV) in the general population (%),numeric,EUR,Europe,Country,ARM,Armenia,Year,2022,true,,,,,,,,,,,,,0.8,,,,,,0.8,,,EN,2025-01-07T18:30:00.000Z
HEPATITIS_HBV_PREVALENCE_PER100,Prevalence of chronic hepatitis B (HBV) in the general population (%),numeric,WPR,Western Pacific,Country,JPN,Japan,Year,2022,true,,,,,,,,,,,,,0.8,,,,,,0.8,,,EN,2025-01-07T18:30:00.000Z
HEPATITIS_HBV_PREVALENCE_PER100,Prevalence of chronic hepatitis B (HBV) in the general population (%),numeric,EMR,Eastern Mediterranean,Country,SAU,Saudi Arabia,Year,2022,true,,,,,,,,,,,,,0.8,,,,,,0.8,,,EN,2025-01-07T18:30:00.000Z
HEPATITIS_HBV_PREVALENCE_PER100,Prevalence of chronic hepatitis B (HBV) in the general population (%),numeric,EMR,Eastern Mediterranean,Country,BHR,Bahrain,Year,2022,true,,,,,,,,,,,,,0.9,,,,,,0.9,,,EN,2025-01-07T18:30:00.000Z
HEPATITIS_HBV_PREVALENCE_PER100,Prevalence of chronic hepatitis B (HBV) in the general population (%),numeric,AMR,Americas,Country,SLV,El Salvador,Year,2022,true,,,,,,,,,,,,,0.9,,,,,,0.9,,,EN,2025-01-07T18:30:00.000Z
HEPATITIS_HBV_PREVALENCE_PER100,Prevalence of chronic hepatitis B (HBV) in the general population (%),numeric,EMR,Eastern Mediterranean,Country,ARE,United Arab Emirates,Year,2022,true,,,,,,,,,,,,,0.9,,,,,,0.9,,,EN,2025-01-07T18:30:00.000Z
HEPATITIS_HBV_PREVALENCE_PER100,Prevalence of chronic hepatitis B (HBV) in the general population (%),numeric,EMR,Eastern Mediterranean,Country,EGY,Egypt,Year,2022,true,,,,,,,,,,,,,1,,,,,,1,,,EN,2025-01-07T18:30:00.000Z
HEPATITIS_HBV_PREVALENCE_PER100,Prevalence of chronic hepatitis B (HBV) in the general population (%),numeric,EMR,Eastern Mediterranean,Country,QAT,Qatar,Year,2022,true,,,,,,,,,,,,,1.1,,,,,,1.1,,,EN,2025-01-07T18:30:00.000Z
HEPATITIS_HBV_PREVALENCE_PER100,Prevalence of chronic hepatitis B (HBV) in the general population (%),numeric,EUR,Europe,Country,RUS,Russian Federation,Year,2022,true,,,,,,,,,,,,,1.1,,,,,,1.1,,,EN,2025-01-07T18:30:00.000Z
HEPATITIS_HBV_PREVALENCE_PER100,Prevalence of chronic hepatitis B (HBV) in the general population (%),numeric,AMR,Americas,Country,BLZ,Belize,Year,2022,true,,,,,,,,,,,,,1.2,,,,,,1.2,,,EN,2025-01-07T18:30:00.000Z
HEPATITIS_HBV_PREVALENCE_PER100,Prevalence of chronic hepatitis B (HBV) in the general population (%),numeric,SEAR,South-East Asia,Country,NPL,Nepal,Year,2022,true,,,,,,,,,,,,,1.2,,,,,,1.2,,,EN,2025-01-07T18:30:00.000Z
HEPATITIS_HBV_PREVALENCE_PER100,Prevalence of chronic hepatitis B (HBV) in the general population (%),numeric,AFR,Africa,Country,DZA,Algeria,Year,2022,true,,,,,,,,,,,,,1.3,,,,,,1.3,,,EN,2025-01-07T18:30:00.000Z
HEPATITIS_HBV_PREVALENCE_PER100,Prevalence of chronic hepatitis B (HBV) in the general population (%),numeric,EMR,Eastern Mediterranean,Country,LBN,Lebanon,Year,2022,true,,,,,,,,,,,,,1.3,,,,,,1.3,,,EN,2025-01-07T18:30:00.000Z
HEPATITIS_HBV_PREVALENCE_PER100,Prevalence of chronic hepatitis B (HBV) in the general population (%),numeric,EUR,Europe,Country,UKR,Ukraine,Year,2022,true,,,,,,,,,,,,,1.3,,,,,,1.3,,,EN,2025-01-07T18:30:00.000Z
HEPATITIS_HBV_PREVALENCE_PER100,Prevalence of chronic hepatitis B (HBV) in the general population (%),numeric,AMR,Americas,Country,VEN,Venezuela (Bolivarian Republic of),Year,2022,true,,,,,,,,,,,,,1.3,,,,,,1.3,,,EN,2025-01-07T18:30:00.000Z
HEPATITIS_HBV_PREVALENCE_PER100,Prevalence of chronic hepatitis B (HBV) in the general population (%),numeric,WPR,Western Pacific,Country,BRN,Brunei Darussalam,Year,2022,true,,,,,,,,,,,,,1.4,,,,,,1.4,,,EN,2025-01-07T18:30:00.000Z
HEPATITIS_HBV_PREVALENCE_PER100,Prevalence of chronic hepatitis B (HBV) in the general population (%),numeric,EUR,Europe,Country,ISR,Israel,Year,2022,true,,,,,,,,,,,,,1.4,,,,,,1.4,,,EN,2025-01-07T18:30:00.000Z
HEPATITIS_HBV_PREVALENCE_PER100,Prevalence of chronic hepatitis B (HBV) in the general population (%),numeric,EMR,Eastern Mediterranean,Country,IRN,Iran (Islamic Republic of),Year,2022,true,,,,,,,,,,,,,1.5,,,,,,1.5,,,EN,2025-01-07T18:30:00.000Z
HEPATITIS_HBV_PREVALENCE_PER100,Prevalence of chronic hepatitis B (HBV) in the general population (%),numeric,EMR,Eastern Mediterranean,Country,KWT,Kuwait,Year,2022,true,,,,,,,,,,,,,1.5,,,,,,1.5,,,EN,2025-01-07T18:30:00.000Z
HEPATITIS_HBV_PREVALENCE_PER100,Prevalence of chronic hepatitis B (HBV) in the general population (%),numeric,EUR,Europe,Country,MNE,Montenegro,Year,2022,true,,,,,,,,,,,,,1.5,,,,,,1.5,,,EN,2025-01-07T18:30:00.000Z
HEPATITIS_HBV_PREVALENCE_PER100,Prevalence of chronic hepatitis B (HBV) in the general population (%),numeric,AMR,Americas,Country,ATG,Antigua and Barbuda,Year,2022,true,,,,,,,,,,,,,1.6,,,,,,1.6,,,EN,2025-01-07T18:30:00.000Z
HEPATITIS_HBV_PREVALENCE_PER100,Prevalence of chronic hepatitis B (HBV) in the general population (%),numeric,AMR,Americas,Country,BHS,Bahamas,Year,2022,true,,,,,,,,,,,,,1.6,,,,,,1.6,,,EN,2025-01-07T18:30:00.000Z
HEPATITIS_HBV_PREVALENCE_PER100,Prevalence of chronic hepatitis B (HBV) in the general population (%),numeric,AMR,Americas,Country,BRB,Barbados,Year,2022,true,,,,,,,,,,,,,1.6,,,,,,1.6,,,EN,2025-01-07T18:30:00.000Z
HEPATITIS_HBV_PREVALENCE_PER100,Prevalence of chronic hepatitis B (HBV) in the general population (%),numeric,SEAR,South-East Asia,Country,BTN,Bhutan,Year,2022,true,,,,,,,,,,,,,1.6,,,,,,1.6,,,EN,2025-01-07T18:30:00.000Z
HEPATITIS_HBV_PREVALENCE_PER100,Prevalence of chronic hepatitis B (HBV) in the general population (%),numeric,AMR,Americas,Country,DMA,Dominica,Year,2022,true,,,,,,,,,,,,,1.6,,,,,,1.6,,,EN,2025-01-07T18:30:00.000Z
HEPATITIS_HBV_PREVALENCE_PER100,Prevalence of chronic hepatitis B (HBV) in the general population (%),numeric,AMR,Americas,Country,DOM,Dominican Republic,Year,2022,true,,,,,,,,,,,,,1.6,,,,,,1.6,,,EN,2025-01-07T18:30:00.000Z
HEPATITIS_HBV_PREVALENCE_PER100,Prevalence of chronic hepatitis B (HBV) in the general population (%),numeric,AMR,Americas,Country,GRD,Grenada,Year,2022,true,,,,,,,,,,,,,1.6,,,,,,1.6,,,EN,2025-01-07T18:30:00.000Z
HEPATITIS_HBV_PREVALENCE_PER100,Prevalence of chronic hepatitis B (HBV) in the general population (%),numeric,EMR,Eastern Mediterranean,Country,LBY,Libya,Year,2022,true,,,,,,,,,,,,,1.6,,,,,,1.6,,,EN,2025-01-07T18:30:00.000Z
HEPATITIS_HBV_PREVALENCE_PER100,Prevalence of chronic hepatitis B (HBV) in the general population (%),numeric,EMR,Eastern Mediterranean,Country,PAK,Pakistan,Year,2022,true,,,,,,,,,,,,,1.6,,,,,,1.6,,,EN,2025-01-07T18:30:00.000Z
HEPATITIS_HBV_PREVALENCE_PER100,Prevalence of chronic hepatitis B (HBV) in the general population (%),numeric,AFR,Africa,Country,RWA,Rwanda,Year,2022,true,,,,,,,,,,,,,1.6,,,,,,1.6,,,EN,2025-01-07T18:30:00.000Z
HEPATITIS_HBV_PREVALENCE_PER100,Prevalence of chronic hepatitis B (HBV) in the general population (%),numeric,AMR,Americas,Country,KNA,Saint Kitts and Nevis,Year,2022,true,,,,,,,,,,,,,1.6,,,,,,1.6,,,EN,2025-01-07T18:30:00.000Z
HEPATITIS_HBV_PREVALENCE_PER100,Prevalence of chronic hepatitis B (HBV) in the general population (%),numeric,AMR,Americas,Country,LCA,Saint Lucia,Year,2022,true,,,,,,,,,,,,,1.6,,,,,,1.6,,,EN,2025-01-07T18:30:00.000Z
HEPATITIS_HBV_PREVALENCE_PER100,Prevalence of chronic hepatitis B (HBV) in the general population (%),numeric,AMR,Americas,Country,VCT,Saint Vincent and the Grenadines,Year,2022,true,,,,,,,,,,,,,1.6,,,,,,1.6,,,EN,2025-01-07T18:30:00.000Z
HEPATITIS_HBV_PREVALENCE_PER100,Prevalence of chronic hepatitis B (HBV) in the general population (%),numeric,EUR,Europe,Country,SRB,Serbia,Year,2022,true,,,,,,,,,,,,,1.6,,,,,,1.6,,,EN,2025-01-07T18:30:00.000Z
HEPATITIS_HBV_PREVALENCE_PER100,Prevalence of chronic hepatitis B (HBV) in the general population (%),numeric,WPR,Western Pacific,Country,FJI,Fiji,Year,2022,true,,,,,,,,,,,,,1.7,,,,,,1.7,,,EN,2025-01-07T18:30:00.000Z
HEPATITIS_HBV_PREVALENCE_PER100,Prevalence of chronic hepatitis B (HBV) in the general population (%),numeric,WPR,Western Pacific,Country,MYS,Malaysia,Year,2022,true,,,,,,,,,,,,,1.7,,,,,,1.7,,,EN,2025-01-07T18:30:00.000Z
HEPATITIS_HBV_PREVALENCE_PER100,Prevalence of chronic hepatitis B (HBV) in the general population (%),numeric,EUR,Europe,Country,MKD,North Macedonia,Year,2022,true,,,,,,,,,,,,,1.7,,,,,,1.7,,,EN,2025-01-07T18:30:00.000Z
HEPATITIS_HBV_PREVALENCE_PER100,Prevalence of chronic hepatitis B (HBV) in the general population (%),numeric,EMR,Eastern Mediterranean,Country,SYR,Syrian Arab Republic,Year,2022,true,,,,,,,,,,,,,1.7,,,,,,1.7,,,EN,2025-01-07T18:30:00.000Z
HEPATITIS_HBV_PREVALENCE_PER100,Prevalence of chronic hepatitis B (HBV) in the general population (%),numeric,EMR,Eastern Mediterranean,Country,AFG,Afghanistan,Year,2022,true,,,,,,,,,,,,,1.8,,,,,,1.8,,,EN,2025-01-07T18:30:00.000Z
HEPATITIS_HBV_PREVALENCE_PER100,Prevalence of chronic hepatitis B (HBV) in the general population (%),numeric,EMR,Eastern Mediterranean,Country,JOR,Jordan,Year,2022,true,,,,,,,,,,,,,1.8,,,,,,1.8,,,EN,2025-01-07T18:30:00.000Z
HEPATITIS_HBV_PREVALENCE_PER100,Prevalence of chronic hepatitis B (HBV) in the general population (%),numeric,AMR,Americas,Country,SUR,Suriname,Year,2022,true,,,,,,,,,,,,,1.8,,,,,,1.8,,,EN,2025-01-07T18:30:00.000Z
HEPATITIS_HBV_PREVALENCE_PER100,Prevalence of chronic hepatitis B (HBV) in the general population (%),numeric,AFR,Africa,Country,ZMB,Zambia,Year,2022,true,,,,,,,,,,,,,1.8,,,,,,1.8,,,EN,2025-01-07T18:30:00.000Z
HEPATITIS_HBV_PREVALENCE_PER100,Prevalence of chronic hepatitis B (HBV) in the general population (%),numeric,EUR,Europe,Country,GRC,Greece,Year,2022,true,,,,,,,,,,,,,1.9,,,,,,1.9,,,EN,2025-01-07T18:30:00.000Z
HEPATITIS_HBV_PREVALENCE_PER100,Prevalence of chronic hepatitis B (HBV) in the general population (%),numeric,AMR,Americas,Country,HTI,Haiti,Year,2022,true,,,,,,,,,,,,,1.9,,,,,,1.9,,,EN,2025-01-07T18:30:00.000Z
HEPATITIS_HBV_PREVALENCE_PER100,Prevalence of chronic hepatitis B (HBV) in the general population (%),numeric,AMR,Americas,Country,TTO,Trinidad and Tobago,Year,2022,true,,,,,,,,,,,,,1.9,,,,,,1.9,,,EN,2025-01-07T18:30:00.000Z
HEPATITIS_HBV_PREVALENCE_PER100,Prevalence of chronic hepatitis B (HBV) in the general population (%),numeric,AFR,Africa,Country,CIV,Cote d'Ivoire,Year,2022,true,,,,,,,,,,,,,10,,,,,,10,,,EN,2025-01-07T18:30:00.000Z
HEPATITIS_HBV_PREVALENCE_PER100,Prevalence of chronic hepatitis B (HBV) in the general population (%),numeric,AFR,Africa,Country,GIN,Guinea,Year,2022,true,,,,,,,,,,,,,10,,,,,,10,,,EN,2025-01-07T18:30:00.000Z
HEPATITIS_HBV_PREVALENCE_PER100,Prevalence of chronic hepatitis B (HBV) in the general population (%),numeric,AFR,Africa,Country,NER,Niger,Year,2022,true,,,,,,,,,,,,,10.1,,,,,,10.1,,,EN,2025-01-07T18:30:00.000Z
HEPATITIS_HBV_PREVALENCE_PER100,Prevalence of chronic hepatitis B (HBV) in the general population (%),numeric,AFR,Africa,Country,CPV,Cabo Verde,Year,2022,true,,,,,,,,,,,,,10.5,,,,,,10.5,,,EN,2025-01-07T18:30:00.000Z
HEPATITIS_HBV_PREVALENCE_PER100,Prevalence of chronic hepatitis B (HBV) in the general population (%),numeric,AFR,Africa,Country,LSO,Lesotho,Year,2022,true,,,,,,,,,,,,,10.5,,,,,,10.5,,,EN,2025-01-07T18:30:00.000Z
HEPATITIS_HBV_PREVALENCE_PER100,Prevalence of chronic hepatitis B (HBV) in the general population (%),numeric,AFR,Africa,Country,BEN,Benin,Year,2022,true,,,,,,,,,,,,,11.2,,,,,,11.2,,,EN,2025-01-07T18:30:00.000Z
HEPATITIS_HBV_PREVALENCE_PER100,Prevalence of chronic hepatitis B (HBV) in the general population (%),numeric,AFR,Africa,Country,CMR,Cameroon,Year,2022,true,,,,,,,,,,,,,11.5,,,,,,11.5,,,EN,2025-01-07T18:30:00.000Z
HEPATITIS_HBV_PREVALENCE_PER100,Prevalence of chronic hepatitis B (HBV) in the general population (%),numeric,AFR,Africa,Country,CAF,Central African Republic,Year,2022,true,,,,,,,,,,,,,11.5,,,,,,11.5,,,EN,2025-01-07T18:30:00.000Z
HEPATITIS_HBV_PREVALENCE_PER100,Prevalence of chronic hepatitis B (HBV) in the general population (%),numeric,AFR,Africa,Country,GNB,Guinea-Bissau,Year,2022,true,,,,,,,,,,,,,12.3,,,,,,12.3,,,EN,2025-01-07T18:30:00.000Z
HEPATITIS_HBV_PREVALENCE_PER100,Prevalence of chronic hepatitis B (HBV) in the general population (%),numeric,AFR,Africa,Country,SLE,Sierra Leone,Year,2022,true,,,,,,,,,,,,,13.5,,,,,,13.5,,,EN,2025-01-07T18:30:00.000Z
HEPATITIS_HBV_PREVALENCE_PER100,Prevalence of chronic hepatitis B (HBV) in the general population (%),numeric,AFR,Africa,Country,MLI,Mali,Year,2022,true,,,,,,,,,,,,,13.9,,,,,,13.9,,,EN,2025-01-07T18:30:00.000Z
HEPATITIS_HBV_PREVALENCE_PER100,Prevalence of chronic hepatitis B (HBV) in the general population (%),numeric,AMR,Americas,Country,CRI,Costa Rica,Year,2022,true,,,,,,,,,,,,,2,,,,,,2,,,EN,2025-01-07T18:30:00.000Z
HEPATITIS_HBV_PREVALENCE_PER100,Prevalence of chronic hepatitis B (HBV) in the general population (%),numeric,EUR,Europe,Country,UZB,Uzbekistan,Year,2022,true,,,,,,,,,,,,,2.1,,,,,,2.1,,,EN,2025-01-07T18:30:00.000Z
HEPATITIS_HBV_PREVALENCE_PER100,Prevalence of chronic hepatitis B (HBV) in the general population (%),numeric,WPR,Western Pacific,Country,SGP,Singapore,Year,2022,true,,,,,,,,,,,,,2.2,,,,,,2.2,,,EN,2025-01-07T18:30:00.000Z
HEPATITIS_HBV_PREVALENCE_PER100,Prevalence of chronic hepatitis B (HBV) in the general population (%),numeric,SEAR,South-East Asia,Country,LKA,Sri Lanka,Year,2022,true,,,,,,,,,,,,,2.2,,,,,,2.2,,,EN,2025-01-07T18:30:00.000Z
HEPATITIS_HBV_PREVALENCE_PER100,Prevalence of chronic hepatitis B (HBV) in the general population (%),numeric,AFR,Africa,Country,BDI,Burundi,Year,2022,true,,,,,,,,,,,,,2.3,,,,,,2.3,,,EN,2025-01-07T18:30:00.000Z
HEPATITIS_HBV_PREVALENCE_PER100,Prevalence of chronic hepatitis B (HBV) in the general population (%),numeric,AFR,Africa,Country,GMB,Gambia,Year,2022,true,,,,,,,,,,,,,2.3,,,,,,2.3,,,EN,2025-01-07T18:30:00.000Z
HEPATITIS_HBV_PREVALENCE_PER100,Prevalence of chronic hepatitis B (HBV) in the general population (%),numeric,EUR,Europe,Country,KAZ,Kazakhstan,Year,2022,true,,,,,,,,,,,,,2.3,,,,,,2.3,,,EN,2025-01-07T18:30:00.000Z
HEPATITIS_HBV_PREVALENCE_PER100,Prevalence of chronic hepatitis B (HBV) in the general population (%),numeric,EUR,Europe,Country,TUR,Türkiye,Year,2022,true,,,,,,,,,,,,,2.3,,,,,,2.3,,,EN,2025-01-07T18:30:00.000Z
HEPATITIS_HBV_PREVALENCE_PER100,Prevalence of chronic hepatitis B (HBV) in the general population (%),numeric,EUR,Europe,Country,GEO,Georgia,Year,2022,true,,,,,,,,,,,,,2.4,,,,,,2.4,,,EN,2025-01-07T18:30:00.000Z
HEPATITIS_HBV_PREVALENCE_PER100,Prevalence of chronic hepatitis B (HBV) in the general population (%),numeric,AFR,Africa,Country,UGA,Uganda,Year,2022,true,,,,,,,,,,,,,2.4,,,,,,2.4,,,EN,2025-01-07T18:30:00.000Z
HEPATITIS_HBV_PREVALENCE_PER100,Prevalence of chronic hepatitis B (HBV) in the general population (%),numeric,EUR,Europe,Country,BIH,Bosnia and Herzegovina,Year,2022,true,,,,,,,,,,,,,2.5,,,,,,2.5,,,EN,2025-01-07T18:30:00.000Z
HEPATITIS_HBV_PREVALENCE_PER100,Prevalence of chronic hepatitis B (HBV) in the general population (%),numeric,AMR,Americas,Country,GUY,Guyana,Year,2022,true,,,,,,,,,,,,,2.5,,,,,,2.5,,,EN,2025-01-07T18:30:00.000Z
HEPATITIS_HBV_PREVALENCE_PER100,Prevalence of chronic hepatitis B (HBV) in the general population (%),numeric,EMR,Eastern Mediterranean,Country,OMN,Oman,Year,2022,true,,,,,,,,,,,,,2.5,,,,,,2.5,,,EN,2025-01-07T18:30:00.000Z
HEPATITIS_HBV_PREVALENCE_PER100,Prevalence of chronic hepatitis B (HBV) in the general population (%),numeric,SEAR,South-East Asia,Country,THA,Thailand,Year,2022,true,,,,,,,,,,,,,2.6,,,,,,2.6,,,EN,2025-01-07T18:30:00.000Z
HEPATITIS_HBV_PREVALENCE_PER100,Prevalence of chronic hepatitis B (HBV) in the general population (%),numeric,AFR,Africa,Country,MWI,Malawi,Year,2022,true,,,,,,,,,,,,,2.7,,,,,,2.7,,,EN,2025-01-07T18:30:00.000Z
HEPATITIS_HBV_PREVALENCE_PER100,Prevalence of chronic hepatitis B (HBV) in the general population (%),numeric,WPR,Western Pacific,Country,KOR,Republic of Korea,Year,2022,true,,,,,,,,,,,,,2.7,,,,,,2.7,,,EN,2025-01-07T18:30:00.000Z
HEPATITIS_HBV_PREVALENCE_PER100,Prevalence of chronic hepatitis B (HBV) in the general population (%),numeric,AFR,Africa,Country,COD,Democratic Republic of the Congo,Year,2022,true,,,,,,,,,,,,,2.8,,,,,,2.8,,,EN,2025-01-07T18:30:00.000Z
HEPATITIS_HBV_PREVALENCE_PER100,Prevalence of chronic hepatitis B (HBV) in the general population (%),numeric,AFR,Africa,Country,TZA,United Republic of Tanzania,Year,2022,true,,,,,,,,,,,,,2.8,,,,,,2.8,,,EN,2025-01-07T18:30:00.000Z
HEPATITIS_HBV_PREVALENCE_PER100,Prevalence of chronic hepatitis B (HBV) in the general population (%),numeric,EMR,Eastern Mediterranean,Country,YEM,Yemen,Year,2022,true,,,,,,,,,,,,,2.8,,,,,,2.8,,,EN,2025-01-07T18:30:00.000Z
HEPATITIS_HBV_PREVALENCE_PER100,Prevalence of chronic hepatitis B (HBV) in the general population (%),numeric,EMR,Eastern Mediterranean,Country,IRQ,Iraq,Year,2022,true,,,,,,,,,,,,,2.9,,,,,,2.9,,,EN,2025-01-07T18:30:00.000Z
HEPATITIS_HBV_PREVALENCE_PER100,Prevalence of chronic hepatitis B (HBV) in the general population (%),numeric,WPR,Western Pacific,Country,KHM,Cambodia,Year,2022,true,,,,,,,,,,,,,3,,,,,,3,,,EN,2025-01-07T18:30:00.000Z
HEPATITIS_HBV_PREVALENCE_PER100,Prevalence of chronic hepatitis B (HBV) in the general population (%),numeric,WPR,Western Pacific,Country,LAO,Lao People's Democratic Republic,Year,2022,true,,,,,,,,,,,,,3.5,,,,,,3.5,,,EN,2025-01-07T18:30:00.000Z
HEPATITIS_HBV_PREVALENCE_PER100,Prevalence of chronic hepatitis B (HBV) in the general population (%),numeric,EMR,Eastern Mediterranean,Country,TUN,Tunisia,Year,2022,true,,,,,,,,,,,,,3.6,,,,,,3.6,,,EN,2025-01-07T18:30:00.000Z
HEPATITIS_HBV_PREVALENCE_PER100,Prevalence of chronic hepatitis B (HBV) in the general population (%),numeric,AMR,Americas,Country,JAM,Jamaica,Year,2022,true,,,,,,,,,,,,,3.8,,,,,,3.8,,,EN,2025-01-07T18:30:00.000Z
HEPATITIS_HBV_PREVALENCE_PER100,Prevalence of chronic hepatitis B (HBV) in the general population (%),numeric,EUR,Europe,Country,BLR,Belarus,Year,2022,true,,,,,,,,,,,,,3.9,,,,,,3.9,,,EN,2025-01-07T18:30:00.000Z
HEPATITIS_HBV_PREVALENCE_PER100,Prevalence of chronic hepatitis B (HBV) in the general population (%),numeric,AFR,Africa,Country,LBR,Liberia,Year,2022,true,,,,,,,,,,,,,4.3,,,,,,4.3,,,EN,2025-01-07T18:30:00.000Z
HEPATITIS_HBV_PREVALENCE_PER100,Prevalence of chronic hepatitis B (HBV) in the general population (%),numeric,WPR,Western Pacific,Country,WSM,Samoa,Year,2022,true,,,,,,,,,,,,,4.3,,,,,,4.3,,,EN,2025-01-07T18:30:00.000Z
HEPATITIS_HBV_PREVALENCE_PER100,Prevalence of chronic hepatitis B (HBV) in the general population (%),numeric,EMR,Eastern Mediterranean,Country,SDN,Sudan,Year,2022,true,,,,,,,,,,,,,4.3,,,,,,4.3,,,EN,2025-01-07T18:30:00.000Z
HEPATITIS_HBV_PREVALENCE_PER100,Prevalence of chronic hepatitis B (HBV) in the general population (%),numeric,AFR,Africa,Country,KEN,Kenya,Year,2022,true,,,,,,,,,,,,,4.4,,,,,,4.4,,,EN,2025-01-07T18:30:00.000Z
HEPATITIS_HBV_PREVALENCE_PER100,Prevalence of chronic hepatitis B (HBV) in the general population (%),numeric,AFR,Africa,Country,GNQ,Equatorial Guinea,Year,2022,true,,,,,,,,,,,,,4.6,,,,,,4.6,,,EN,2025-01-07T18:30:00.000Z
HEPATITIS_HBV_PREVALENCE_PER100,Prevalence of chronic hepatitis B (HBV) in the general population (%),numeric,AFR,Africa,Country,ERI,Eritrea,Year,2022,true,,,,,,,,,,,,,4.6,,,,,,4.6,,,EN,2025-01-07T18:30:00.000Z
HEPATITIS_HBV_PREVALENCE_PER100,Prevalence of chronic hepatitis B (HBV) in the general population (%),numeric,AFR,Africa,Country,ZAF,South Africa,Year,2022,true,,,,,,,,,,,,,4.6,,,,,,4.6,,,EN,2025-01-07T18:30:00.000Z
HEPATITIS_HBV_PREVALENCE_PER100,Prevalence of chronic hepatitis B (HBV) in the general population (%),numeric,AFR,Africa,Country,BFA,Burkina Faso,Year,2022,true,,,,,,,,,,,,,4.8,,,,,,4.8,,,EN,2025-01-07T18:30:00.000Z
HEPATITIS_HBV_PREVALENCE_PER100,Prevalence of chronic hepatitis B (HBV) in the general population (%),numeric,WPR,Western Pacific,Country,MHL,Marshall Islands,Year,2022,true,,,,,,,,,,,,,4.9,,,,,,4.9,,,EN,2025-01-07T18:30:00.000Z
HEPATITIS_HBV_PREVALENCE_PER100,Prevalence of chronic hepatitis B (HBV) in the general population (%),numeric,WPR,Western Pacific,Country,PHL,Philippines,Year,2022,true,,,,,,,,,,,,,4.9,,,,,,4.9,,,EN,2025-01-07T18:30:00.000Z
HEPATITIS_HBV_PREVALENCE_PER100,Prevalence of chronic hepatitis B (HBV) in the general population (%),numeric,AFR,Africa,Country,COM,Comoros,Year,2022,true,,,,,,,,,,,,,5,,,,,,5,,,EN,2025-01-07T18:30:00.000Z
HEPATITIS_HBV_PREVALENCE_PER100,Prevalence of chronic hepatitis B (HBV) in the general population (%),numeric,AMR,Americas,Country,URY,Uruguay,Year,2022,true,,,,,,,,,,,,,5,,,,,,5,,,EN,2025-01-07T18:30:00.000Z
HEPATITIS_HBV_PREVALENCE_PER100,Prevalence of chronic hepatitis B (HBV) in the general population (%),numeric,EUR,Europe,Country,ROU,Romania,Year,2022,true,,,,,,,,,,,,,5.1,,,,,,5.1,,,EN,2025-01-07T18:30:00.000Z
HEPATITIS_HBV_PREVALENCE_PER100,Prevalence of chronic hepatitis B (HBV) in the general population (%),numeric,AFR,Africa,Country,GAB,Gabon,Year,2022,true,,,,,,,,,,,,,5.2,,,,,,5.2,,,EN,2025-01-07T18:30:00.000Z
HEPATITIS_HBV_PREVALENCE_PER100,Prevalence of chronic hepatitis B (HBV) in the general population (%),numeric,SEAR,South-East Asia,Country,MDV,Maldives,Year,2022,true,,,,,,,,,,,,,5.2,,,,,,5.2,,,EN,2025-01-07T18:30:00.000Z
HEPATITIS_HBV_PREVALENCE_PER100,Prevalence of chronic hepatitis B (HBV) in the general population (%),numeric,AFR,Africa,Country,MUS,Mauritius,Year,2022,true,,,,,,,,,,,,,5.2,,,,,,5.2,,,EN,2025-01-07T18:30:00.000Z
HEPATITIS_HBV_PREVALENCE_PER100,Prevalence of chronic hepatitis B (HBV) in the general population (%),numeric,AFR,Africa,Country,SYC,Seychelles,Year,2022,true,,,,,,,,,,,,,5.2,,,,,,5.2,,,EN,2025-01-07T18:30:00.000Z
HEPATITIS_HBV_PREVALENCE_PER100,Prevalence of chronic hepatitis B (HBV) in the general population (%),numeric,EMR,Eastern Mediterranean,Country,SOM,Somalia,Year,2022,true,,,,,,,,,,,,,5.2,,,,,,5.2,,,EN,2025-01-07T18:30:00.000Z
HEPATITIS_HBV_PREVALENCE_PER100,Prevalence of chronic hepatitis B (HBV) in the general population (%),numeric,EUR,Europe,Country,KGZ,Kyrgyzstan,Year,2022,true,,,,,,,,,,,,,5.3,,,,,,5.3,,,EN,2025-01-07T18:30:00.000Z
HEPATITIS_HBV_PREVALENCE_PER100,Prevalence of chronic hepatitis B (HBV) in the general population (%),numeric,AFR,Africa,Country,SEN,Senegal,Year,2022,true,,,,,,,,,,,,,5.3,,,,,,5.3,,,EN,2025-01-07T18:30:00.000Z
HEPATITIS_HBV_PREVALENCE_PER100,Prevalence of chronic hepatitis B (HBV) in the general population (%),numeric,EUR,Europe,Country,TJK,Tajikistan,Year,2022,true,,,,,,,,,,,,,5.4,,,,,,5.4,,,EN,2025-01-07T18:30:00.000Z
HEPATITIS_HBV_PREVALENCE_PER100,Prevalence of chronic hepatitis B (HBV) in the general population (%),numeric,AFR,Africa,Country,COG,Congo,Year,2022,true,,,,,,,,,,,,,5.5,,,,,,5.5,,,EN,2025-01-07T18:30:00.000Z
HEPATITIS_HBV_PREVALENCE_PER100,Prevalence of chronic hepatitis B (HBV) in the general population (%),numeric,EMR,Eastern Mediterranean,Country,DJI,Djibouti,Year,2022,true,,,,,,,,,,,,,5.5,,,,,,5.5,,,EN,2025-01-07T18:30:00.000Z
HEPATITIS_HBV_PREVALENCE_PER100,Prevalence of chronic hepatitis B (HBV) in the general population (%),numeric,AFR,Africa,Country,BWA,Botswana,Year,2022,true,,,,,,,,,,,,,5.6,,,,,,5.6,,,EN,2025-01-07T18:30:00.000Z
HEPATITIS_HBV_PREVALENCE_PER100,Prevalence of chronic hepatitis B (HBV) in the general population (%),numeric,AFR,Africa,Country,NAM,Namibia,Year,2022,true,,,,,,,,,,,,,5.6,,,,,,5.6,,,EN,2025-01-07T18:30:00.000Z
HEPATITIS_HBV_PREVALENCE_PER100,Prevalence of chronic hepatitis B (HBV) in the general population (%),numeric,WPR,Western Pacific,Country,MNG,Mongolia,Year,2022,true,,,,,,,,,,,,,5.7,,,,,,5.7,,,EN,2025-01-07T18:30:00.000Z
HEPATITIS_HBV_PREVALENCE_PER100,Prevalence of chronic hepatitis B (HBV) in the general population (%),numeric,WPR,Western Pacific,Country,COK,Cook Islands,Year,2022,true,,,,,,,,,,,,,5.8,,,,,,5.8,,,EN,2025-01-07T18:30:00.000Z
HEPATITIS_HBV_PREVALENCE_PER100,Prevalence of chronic hepatitis B (HBV) in the general population (%),numeric,WPR,Western Pacific,Country,NRU,Nauru,Year,2022,true,,,,,,,,,,,,,5.8,,,,,,5.8,,,EN,2025-01-07T18:30:00.000Z
HEPATITIS_HBV_PREVALENCE_PER100,Prevalence of chronic hepatitis B (HBV) in the general population (%),numeric,WPR,Western Pacific,Country,NIU,Niue,Year,2022,true,,,,,,,,,,,,,5.8,,,,,,5.8,,,EN,2025-01-07T18:30:00.000Z
HEPATITIS_HBV_PREVALENCE_PER100,Prevalence of chronic hepatitis B (HBV) in the general population (%),numeric,WPR,Western Pacific,Country,PLW,Palau,Year,2022,true,,,,,,,,,,,,,5.8,,,,,,5.8,,,EN,2025-01-07T18:30:00.000Z
HEPATITIS_HBV_PREVALENCE_PER100,Prevalence of chronic hepatitis B (HBV) in the general population (%),numeric,WPR,Western Pacific,Country,PNG,Papua New Guinea,Year,2022,true,,,,,,,,,,,,,5.8,,,,,,5.8,,,EN,2025-01-07T18:30:00.000Z
HEPATITIS_HBV_PREVALENCE_PER100,Prevalence of chronic hepatitis B (HBV) in the general population (%),numeric,AFR,Africa,Country,ETH,Ethiopia,Year,2022,true,,,,,,,,,,,,,6.2,,,,,,6.2,,,EN,2025-01-07T18:30:00.000Z
HEPATITIS_HBV_PREVALENCE_PER100,Prevalence of chronic hepatitis B (HBV) in the general population (%),numeric,AFR,Africa,Country,MOZ,Mozambique,Year,2022,true,,,,,,,,,,,,,6.2,,,,,,6.2,,,EN,2025-01-07T18:30:00.000Z
HEPATITIS_HBV_PREVALENCE_PER100,Prevalence of chronic hepatitis B (HBV) in the general population (%),numeric,WPR,Western Pacific,Country,IDN,Indonesia,Year,2022,true,,,,,,,,,,,,,6.4,,,,,,6.4,,,EN,2025-01-07T18:30:00.000Z
HEPATITIS_HBV_PREVALENCE_PER100,Prevalence of chronic hepatitis B (HBV) in the general population (%),numeric,AFR,Africa,Country,MDG,Madagascar,Year,2022,true,,,,,,,,,,,,,6.4,,,,,,6.4,,,EN,2025-01-07T18:30:00.000Z
HEPATITIS_HBV_PREVALENCE_PER100,Prevalence of chronic hepatitis B (HBV) in the general population (%),numeric,EUR,Europe,Country,ALB,Albania,Year,2022,true,,,,,,,,,,,,,6.5,,,,,,6.5,,,EN,2025-01-07T18:30:00.000Z
HEPATITIS_HBV_PREVALENCE_PER100,Prevalence of chronic hepatitis B (HBV) in the general population (%),numeric,AFR,Africa,Country,NGA,Nigeria,Year,2022,true,,,,,,,,,,,,,6.6,,,,,,6.6,,,EN,2025-01-07T18:30:00.000Z
HEPATITIS_HBV_PREVALENCE_PER100,Prevalence of chronic hepatitis B (HBV) in the general population (%),numeric,WPR,Western Pacific,Country,VNM,Viet Nam,Year,2022,true,,,,,,,,,,,,,7.2,,,,,,7.2,,,EN,2025-01-07T18:30:00.000Z
HEPATITIS_HBV_PREVALENCE_PER100,Prevalence of chronic hepatitis B (HBV) in the general population (%),numeric,WPR,Western Pacific,Country,FSM,Micronesia (Federated States of),Year,2022,true,,,,,,,,,,,,,7.3,,,,,,7.3,,,EN,2025-01-07T18:30:00.000Z
HEPATITIS_HBV_PREVALENCE_PER100,Prevalence of chronic hepatitis B (HBV) in the general population (%),numeric,WPR,Western Pacific,Country,VUT,Vanuatu,Year,2022,true,,,,,,,,,,,,,7.3,,,,,,7.3,,,EN,2025-01-07T18:30:00.000Z
HEPATITIS_HBV_PREVALENCE_PER100,Prevalence of chronic hepatitis B (HBV) in the general population (%),numeric,AFR,Africa,Country,AGO,Angola,Year,2022,true,,,,,,,,,,,,,7.6,,,,,,7.6,,,EN,2025-01-07T18:30:00.000Z
HEPATITIS_HBV_PREVALENCE_PER100,Prevalence of chronic hepatitis B (HBV) in the general population (%),numeric,AFR,Africa,Country,ZWE,Zimbabwe,Year,2022,true,,,,,,,,,,,,,7.7,,,,,,7.7,,,EN,2025-01-07T18:30:00.000Z
HEPATITIS_HBV_PREVALENCE_PER100,Prevalence of chronic hepatitis B (HBV) in the general population (%),numeric,WPR,Western Pacific,Country,TUV,Tuvalu,Year,2022,true,,,,,,,,,,,,,7.8,,,,,,7.8,,,EN,2025-01-07T18:30:00.000Z
HEPATITIS_HBV_PREVALENCE_PER100,Prevalence of chronic hepatitis B (HBV) in the general population (%),numeric,WPR,Western Pacific,Country,KIR,Kiribati,Year,2022,true,,,,,,,,,,,,,8,,,,,,8,,,EN,2025-01-07T18:30:00.000Z
HEPATITIS_HBV_PREVALENCE_PER100,Prevalence of chronic hepatitis B (HBV) in the general population (%),numeric,EUR,Europe,Country,TKM,Turkmenistan,Year,2022,true,,,,,,,,,,,,,8.2,,,,,,8.2,,,EN,2025-01-07T18:30:00.000Z
HEPATITIS_HBV_PREVALENCE_PER100,Prevalence of chronic hepatitis B (HBV) in the general population (%),numeric,WPR,Western Pacific,Country,SLB,Solomon Islands,Year,2022,true,,,,,,,,,,,,,8.3,,,,,,8.3,,,EN,2025-01-07T18:30:00.000Z
HEPATITIS_HBV_PREVALENCE_PER100,Prevalence of chronic hepatitis B (HBV) in the general population (%),numeric,AFR,Africa,Country,SWZ,Eswatini,Year,2022,true,,,,,,,,,,,,,8.7,,,,,,8.7,,,EN,2025-01-07T18:30:00.000Z
HEPATITIS_HBV_PREVALENCE_PER100,Prevalence of chronic hepatitis B (HBV) in the general population (%),numeric,AFR,Africa,Country,GHA,Ghana,Year,2022,true,,,,,,,,,,,,,9,,,,,,9,,,EN,2025-01-07T18:30:00.000Z
HEPATITIS_HBV_PREVALENCE_PER100,Prevalence of chronic hepatitis B (HBV) in the general population (%),numeric,EUR,Europe,Country,MDA,Republic of Moldova,Year,2022,true,,,,,,,,,,,,,9,,,,,,9,,,EN,2025-01-07T18:30:00.000Z
HEPATITIS_HBV_PREVALENCE_PER100,Prevalence of chronic hepatitis B (HBV) in the general population (%),numeric,WPR,Western Pacific,Country,TON,Tonga,Year,2022,true,,,,,,,,,,,,,9,,,,,,9,,,EN,2025-01-07T18:30:00.000Z
HEPATITIS_HBV_PREVALENCE_PER100,Prevalence of chronic hepatitis B (HBV) in the general population (%),numeric,SEAR,South-East Asia,Country,TLS,Timor-Leste,Year,2022,true,,,,,,,,,,,,,9.1,,,,,,9.1,,,EN,2025-01-07T18:30:00.000Z
HEPATITIS_HBV_PREVALENCE_PER100,Prevalence of chronic hepatitis B (HBV) in the general population (%),numeric,AFR,Africa,Country,MRT,Mauritania,Year,2022,true,,,,,,,,,,,,,9.2,,,,,,9.2,,,EN,2025-01-07T18:30:00.000Z
HEPATITIS_HBV_PREVALENCE_PER100,Prevalence of chronic hepatitis B (HBV) in the general population (%),numeric,AFR,Africa,Country,STP,Sao Tome and Principe,Year,2022,true,,,,,,,,,,,,,9.3,,,,,,9.3,,,EN,2025-01-07T18:30:00.000Z
HEPATITIS_HBV_PREVALENCE_PER100,Prevalence of chronic hepatitis B (HBV) in the general population (%),numeric,AFR,Africa,Country,TGO,Togo,Year,2022,true,,,,,,,,,,,,,9.4,,,,,,9.4,,,EN,2025-01-07T18:30:00.000Z
HEPATITIS_HBV_PREVALENCE_PER100,Prevalence of chronic hepatitis B (HBV) in the general population (%),numeric,AFR,Africa,Country,TCD,Chad,Year,2022,true,,,,,,,,,,,,,9.5,,,,,,9.5,,,EN,2025-01-07T18:30:00.000Z
HEPATITIS_HBV_PREVALENCE_PER100,Prevalence of chronic hepatitis B (HBV) in the general population (%),numeric,AFR,Africa,Country,SSD,South Sudan,Year,2022,true,,,,,,,,,,,,,9.9,,,,,,9.9,,,EN,2025-01-07T18:30:00.000Z
HEPATITIS_HCV_PREVALENCE_PER100,Prevalence of chronic hepatitis C (HCV) ) in the general population (%),numeric,EUR,Europe,Country,NLD,Netherlands (Kingdom of the),Year,2022,true,,,,,,,,,,,,,0,,,,,,0,,,EN,2025-01-07T18:30:00.000Z
HEPATITIS_HCV_PREVALENCE_PER100,Prevalence of chronic hepatitis C (HCV) ) in the general population (%),numeric,EUR,Europe,Country,BEL,Belgium,Year,2022,true,,,,,,,,,,,,,0.1,,,,,,0.1,,,EN,2025-01-07T18:30:00.000Z
HEPATITIS_HCV_PREVALENCE_PER100,Prevalence of chronic hepatitis C (HCV) ) in the general population (%),numeric,WPR,Western Pacific,Country,FJI,Fiji,Year,2022,true,,,,,,,,,,,,,0.1,,,,,,0.1,,,EN,2025-01-07T18:30:00.000Z
HEPATITIS_HCV_PREVALENCE_PER100,Prevalence of chronic hepatitis C (HCV) ) in the general population (%),numeric,EUR,Europe,Country,ISL,Iceland,Year,2022,true,,,,,,,,,,,,,0.1,,,,,,0.1,,,EN,2025-01-07T18:30:00.000Z
HEPATITIS_HCV_PREVALENCE_PER100,Prevalence of chronic hepatitis C (HCV) ) in the general population (%),numeric,EMR,Eastern Mediterranean,Country,LBN,Lebanon,Year,2022,true,,,,,,,,,,,,,0.1,,,,,,0.1,,,EN,2025-01-07T18:30:00.000Z
HEPATITIS_HCV_PREVALENCE_PER100,Prevalence of chronic hepatitis C (HCV) ) in the general population (%),numeric,EUR,Europe,Country,MLT,Malta,Year,2022,true,,,,,,,,,,,,,0.1,,,,,,0.1,,,EN,2025-01-07T18:30:00.000Z
HEPATITIS_HCV_PREVALENCE_PER100,Prevalence of chronic hepatitis C (HCV) ) in the general population (%),numeric,EMR,Eastern Mediterranean,Country,SAU,Saudi Arabia,Year,2022,true,,,,,,,,,,,,,0.1,,,,,,0.1,,,EN,2025-01-07T18:30:00.000Z
HEPATITIS_HCV_PREVALENCE_PER100,Prevalence of chronic hepatitis C (HCV) ) in the general population (%),numeric,EUR,Europe,Country,SVN,Slovenia,Year,2022,true,,,,,,,,,,,,,0.1,,,,,,0.1,,,EN,2025-01-07T18:30:00.000Z
HEPATITIS_HCV_PREVALENCE_PER100,Prevalence of chronic hepatitis C (HCV) ) in the general population (%),numeric,EUR,Europe,Country,ESP,Spain,Year,2022,true,,,,,,,,,,,,,0.1,,,,,,0.1,,,EN,2025-01-07T18:30:00.000Z
HEPATITIS_HCV_PREVALENCE_PER100,Prevalence of chronic hepatitis C (HCV) ) in the general population (%),numeric,EUR,Europe,Country,SWE,Sweden,Year,2022,true,,,,,,,,,,,,,0.1,,,,,,0.1,,,EN,2025-01-07T18:30:00.000Z
HEPATITIS_HCV_PREVALENCE_PER100,Prevalence of chronic hepatitis C (HCV) ) in the general population (%),numeric,EMR,Eastern Mediterranean,Country,AFG,Afghanistan,Year,2022,true,,,,,,,,,,,,,0.2,,,,,,0.2,,,EN,2025-01-07T18:30:00.000Z
HEPATITIS_HCV_PREVALENCE_PER100,Prevalence of chronic hepatitis C (HCV) ) in the general population (%),numeric,SEAR,South-East Asia,Country,BTN,Bhutan,Year,2022,true,,,,,,,,,,,,,0.2,,,,,,0.2,,,EN,2025-01-07T18:30:00.000Z
HEPATITIS_HCV_PREVALENCE_PER100,Prevalence of chronic hepatitis C (HCV) ) in the general population (%),numeric,AMR,Americas,Country,CHL,Chile,Year,2022,true,,,,,,,,,,,,,0.2,,,,,,0.2,,,EN,2025-01-07T18:30:00.000Z
HEPATITIS_HCV_PREVALENCE_PER100,Prevalence of chronic hepatitis C (HCV) ) in the general population (%),numeric,EUR,Europe,Country,CYP,Cyprus,Year,2022,true,,,,,,,,,,,,,0.2,,,,,,0.2,,,EN,2025-01-07T18:30:00.000Z
HEPATITIS_HCV_PREVALENCE_PER100,Prevalence of chronic hepatitis C (HCV) ) in the general population (%),numeric,EUR,Europe,Country,DNK,Denmark,Year,2022,true,,,,,,,,,,,,,0.2,,,,,,0.2,,,EN,2025-01-07T18:30:00.000Z
HEPATITIS_HCV_PREVALENCE_PER100,Prevalence of chronic hepatitis C (HCV) ) in the general population (%),numeric,AMR,Americas,Country,SLV,El Salvador,Year,2022,true,,,,,,,,,,,,,0.2,,,,,,0.2,,,EN,2025-01-07T18:30:00.000Z
HEPATITIS_HCV_PREVALENCE_PER100,Prevalence of chronic hepatitis C (HCV) ) in the general population (%),numeric,EUR,Europe,Country,DEU,Germany,Year,2022,true,,,,,,,,,,,,,0.2,,,,,,0.2,,,EN,2025-01-07T18:30:00.000Z
HEPATITIS_HCV_PREVALENCE_PER100,Prevalence of chronic hepatitis C (HCV) ) in the general population (%),numeric,EUR,Europe,Country,HUN,Hungary,Year,2022,true,,,,,,,,,,,,,0.2,,,,,,0.2,,,EN,2025-01-07T18:30:00.000Z
HEPATITIS_HCV_PREVALENCE_PER100,Prevalence of chronic hepatitis C (HCV) ) in the general population (%),numeric,EMR,Eastern Mediterranean,Country,IRN,Iran (Islamic Republic of),Year,2022,true,,,,,,,,,,,,,0.2,,,,,,0.2,,,EN,2025-01-07T18:30:00.000Z
HEPATITIS_HCV_PREVALENCE_PER100,Prevalence of chronic hepatitis C (HCV) ) in the general population (%),numeric,EUR,Europe,Country,IRL,Ireland,Year,2022,true,,,,,,,,,,,,,0.2,,,,,,0.2,,,EN,2025-01-07T18:30:00.000Z
HEPATITIS_HCV_PREVALENCE_PER100,Prevalence of chronic hepatitis C (HCV) ) in the general population (%),numeric,EMR,Eastern Mediterranean,Country,JOR,Jordan,Year,2022,true,,,,,,,,,,,,,0.2,,,,,,0.2,,,EN,2025-01-07T18:30:00.000Z
HEPATITIS_HCV_PREVALENCE_PER100,Prevalence of chronic hepatitis C (HCV) ) in the general population (%),numeric,EUR,Europe,Country,LUX,Luxembourg,Year,2022,true,,,,,,,,,,,,,0.2,,,,,,0.2,,,EN,2025-01-07T18:30:00.000Z
HEPATITIS_HCV_PREVALENCE_PER100,Prevalence of chronic hepatitis C (HCV) ) in the general population (%),numeric,WPR,Western Pacific,Country,MYS,Malaysia,Year,2022,true,,,,,,,,,,,,,0.2,,,,,,0.2,,,EN,2025-01-07T18:30:00.000Z
HEPATITIS_HCV_PREVALENCE_PER100,Prevalence of chronic hepatitis C (HCV) ) in the general population (%),numeric,EUR,Europe,Country,NOR,Norway,Year,2022,true,,,,,,,,,,,,,0.2,,,,,,0.2,,,EN,2025-01-07T18:30:00.000Z
HEPATITIS_HCV_PREVALENCE_PER100,Prevalence of chronic hepatitis C (HCV) ) in the general population (%),numeric,AMR,Americas,Country,PER,Peru,Year,2022,true,,,,,,,,,,,,,0.2,,,,,,0.2,,,EN,2025-01-07T18:30:00.000Z
HEPATITIS_HCV_PREVALENCE_PER100,Prevalence of chronic hepatitis C (HCV) ) in the general population (%),numeric,WPR,Western Pacific,Country,KOR,Republic of Korea,Year,2022,true,,,,,,,,,,,,,0.2,,,,,,0.2,,,EN,2025-01-07T18:30:00.000Z
HEPATITIS_HCV_PREVALENCE_PER100,Prevalence of chronic hepatitis C (HCV) ) in the general population (%),numeric,EUR,Europe,Country,GBR,United Kingdom of Great Britain and Northern Ireland,Year,2022,true,,,,,,,,,,,,,0.2,,,,,,0.2,,,EN,2025-01-07T18:30:00.000Z
HEPATITIS_HCV_PREVALENCE_PER100,Prevalence of chronic hepatitis C (HCV) ) in the general population (%),numeric,AFR,Africa,Country,TZA,United Republic of Tanzania,Year,2022,true,,,,,,,,,,,,,0.2,,,,,,0.2,,,EN,2025-01-07T18:30:00.000Z
HEPATITIS_HCV_PREVALENCE_PER100,Prevalence of chronic hepatitis C (HCV) ) in the general population (%),numeric,EUR,Europe,Country,AND,Andorra,Year,2022,true,,,,,,,,,,,,,0.3,,,,,,0.3,,,EN,2025-01-07T18:30:00.000Z
HEPATITIS_HCV_PREVALENCE_PER100,Prevalence of chronic hepatitis C (HCV) ) in the general population (%),numeric,EUR,Europe,Country,AUT,Austria,Year,2022,true,,,,,,,,,,,,,0.3,,,,,,0.3,,,EN,2025-01-07T18:30:00.000Z
HEPATITIS_HCV_PREVALENCE_PER100,Prevalence of chronic hepatitis C (HCV) ) in the general population (%),numeric,AMR,Americas,Country,BOL,Bolivia (Plurinational State of),Year,2022,true,,,,,,,,,,,,,0.3,,,,,,0.3,,,EN,2025-01-07T18:30:00.000Z
HEPATITIS_HCV_PREVALENCE_PER100,Prevalence of chronic hepatitis C (HCV) ) in the general population (%),numeric,AMR,Americas,Country,BRA,Brazil,Year,2022,true,,,,,,,,,,,,,0.3,,,,,,0.3,,,EN,2025-01-07T18:30:00.000Z
HEPATITIS_HCV_PREVALENCE_PER100,Prevalence of chronic hepatitis C (HCV) ) in the general population (%),numeric,WPR,Western Pacific,Country,BRN,Brunei Darussalam,Year,2022,true,,,,,,,,,,,,,0.3,,,,,,0.3,,,EN,2025-01-07T18:30:00.000Z
HEPATITIS_HCV_PREVALENCE_PER100,Prevalence of chronic hepatitis C (HCV) ) in the general population (%),numeric,AMR,Americas,Country,CAN,Canada,Year,2022,true,,,,,,,,,,,,,0.3,,,,,,0.3,,,EN,2025-01-07T18:30:00.000Z
HEPATITIS_HCV_PREVALENCE_PER100,Prevalence of chronic hepatitis C (HCV) ) in the general population (%),numeric,AFR,Africa,Country,CAF,Central African Republic,Year,2022,true,,,,,,,,,,,,,0.3,,,,,,0.3,,,EN,2025-01-07T18:30:00.000Z
HEPATITIS_HCV_PREVALENCE_PER100,Prevalence of chronic hepatitis C (HCV) ) in the general population (%),numeric,EUR,Europe,Country,FRA,France,Year,2022,true,,,,,,,,,,,,,0.3,,,,,,0.3,,,EN,2025-01-07T18:30:00.000Z
HEPATITIS_HCV_PREVALENCE_PER100,Prevalence of chronic hepatitis C (HCV) ) in the general population (%),numeric,EMR,Eastern Mediterranean,Country,IRQ,Iraq,Year,2022,true,,,,,,,,,,,,,0.3,,,,,,0.3,,,EN,2025-01-07T18:30:00.000Z
HEPATITIS_HCV_PREVALENCE_PER100,Prevalence of chronic hepatitis C (HCV) ) in the general population (%),numeric,EUR,Europe,Country,MCO,Monaco,Year,2022,true,,,,,,,,,,,,,0.3,,,,,,0.3,,,EN,2025-01-07T18:30:00.000Z
HEPATITIS_HCV_PREVALENCE_PER100,Prevalence of chronic hepatitis C (HCV) ) in the general population (%),numeric,EMR,Eastern Mediterranean,Country,MAR,Morocco,Year,2022,true,,,,,,,,,,,,,0.3,,,,,,0.3,,,EN,2025-01-07T18:30:00.000Z
HEPATITIS_HCV_PREVALENCE_PER100,Prevalence of chronic hepatitis C (HCV) ) in the general population (%),numeric,EMR,Eastern Mediterranean,Country,OMN,Oman,Year,2022,true,,,,,,,,,,,,,0.3,,,,,,0.3,,,EN,2025-01-07T18:30:00.000Z
HEPATITIS_HCV_PREVALENCE_PER100,Prevalence of chronic hepatitis C (HCV) ) in the general population (%),numeric,AMR,Americas,Country,PAN,Panama,Year,2022,true,,,,,,,,,,,,,0.3,,,,,,0.3,,,EN,2025-01-07T18:30:00.000Z
HEPATITIS_HCV_PREVALENCE_PER100,Prevalence of chronic hepatitis C (HCV) ) in the general population (%),numeric,AMR,Americas,Country,PRY,Paraguay,Year,2022,true,,,,,,,,,,,,,0.3,,,,,,0.3,,,EN,2025-01-07T18:30:00.000Z
HEPATITIS_HCV_PREVALENCE_PER100,Prevalence of chronic hepatitis C (HCV) ) in the general population (%),numeric,EUR,Europe,Country,POL,Poland,Year,2022,true,,,,,,,,,,,,,0.3,,,,,,0.3,,,EN,2025-01-07T18:30:00.000Z
HEPATITIS_HCV_PREVALENCE_PER100,Prevalence of chronic hepatitis C (HCV) ) in the general population (%),numeric,EUR,Europe,Country,SMR,San Marino,Year,2022,true,,,,,,,,,,,,,0.3,,,,,,0.3,,,EN,2025-01-07T18:30:00.000Z
HEPATITIS_HCV_PREVALENCE_PER100,Prevalence of chronic hepatitis C (HCV) ) in the general population (%),numeric,WPR,Western Pacific,Country,SGP,Singapore,Year,2022,true,,,,,,,,,,,,,0.3,,,,,,0.3,,,EN,2025-01-07T18:30:00.000Z
HEPATITIS_HCV_PREVALENCE_PER100,Prevalence of chronic hepatitis C (HCV) ) in the general population (%),numeric,EUR,Europe,Country,TUR,Türkiye,Year,2022,true,,,,,,,,,,,,,0.3,,,,,,0.3,,,EN,2025-01-07T18:30:00.000Z
HEPATITIS_HCV_PREVALENCE_PER100,Prevalence of chronic hepatitis C (HCV) ) in the general population (%),numeric,WPR,Western Pacific,Country,AUS,Australia,Year,2022,true,,,,,,,,,,,,,0.4,,,,,,0.4,,,EN,2025-01-07T18:30:00.000Z
HEPATITIS_HCV_PREVALENCE_PER100,Prevalence of chronic hepatitis C (HCV) ) in the general population (%),numeric,AFR,Africa,Country,BWA,Botswana,Year,2022,true,,,,,,,,,,,,,0.4,,,,,,0.4,,,EN,2025-01-07T18:30:00.000Z
HEPATITIS_HCV_PREVALENCE_PER100,Prevalence of chronic hepatitis C (HCV) ) in the general population (%),numeric,AFR,Africa,Country,COD,Democratic Republic of the Congo,Year,2022,true,,,,,,,,,,,,,0.4,,,,,,0.4,,,EN,2025-01-07T18:30:00.000Z
HEPATITIS_HCV_PREVALENCE_PER100,Prevalence of chronic hepatitis C (HCV) ) in the general population (%),numeric,EMR,Eastern Mediterranean,Country,EGY,Egypt,Year,2022,true,,,,,,,,,,,,,0.4,,,,,,0.4,,,EN,2025-01-07T18:30:00.000Z
HEPATITIS_HCV_PREVALENCE_PER100,Prevalence of chronic hepatitis C (HCV) ) in the general population (%),numeric,AFR,Africa,Country,SWZ,Eswatini,Year,2022,true,,,,,,,,,,,,,0.4,,,,,,0.4,,,EN,2025-01-07T18:30:00.000Z
HEPATITIS_HCV_PREVALENCE_PER100,Prevalence of chronic hepatitis C (HCV) ) in the general population (%),numeric,EUR,Europe,Country,GRC,Greece,Year,2022,true,,,,,,,,,,,,,0.4,,,,,,0.4,,,EN,2025-01-07T18:30:00.000Z
HEPATITIS_HCV_PREVALENCE_PER100,Prevalence of chronic hepatitis C (HCV) ) in the general population (%),numeric,WPR,Western Pacific,Country,JPN,Japan,Year,2022,true,,,,,,,,,,,,,0.4,,,,,,0.4,,,EN,2025-01-07T18:30:00.000Z
HEPATITIS_HCV_PREVALENCE_PER100,Prevalence of chronic hepatitis C (HCV) ) in the general population (%),numeric,AFR,Africa,Country,LSO,Lesotho,Year,2022,true,,,,,,,,,,,,,0.4,,,,,,0.4,,,EN,2025-01-07T18:30:00.000Z
HEPATITIS_HCV_PREVALENCE_PER100,Prevalence of chronic hepatitis C (HCV) ) in the general population (%),numeric,AFR,Africa,Country,MDG,Madagascar,Year,2022,true,,,,,,,,,,,,,0.4,,,,,,0.4,,,EN,2025-01-07T18:30:00.000Z
HEPATITIS_HCV_PREVALENCE_PER100,Prevalence of chronic hepatitis C (HCV) ) in the general population (%),numeric,AFR,Africa,Country,NAM,Namibia,Year,2022,true,,,,,,,,,,,,,0.4,,,,,,0.4,,,EN,2025-01-07T18:30:00.000Z
HEPATITIS_HCV_PREVALENCE_PER100,Prevalence of chronic hepatitis C (HCV) ) in the general population (%),numeric,SEAR,South-East Asia,Country,NPL,Nepal,Year,2022,true,,,,,,,,,,,,,0.4,,,,,,0.4,,,EN,2025-01-07T18:30:00.000Z
HEPATITIS_HCV_PREVALENCE_PER100,Prevalence of chronic hepatitis C (HCV) ) in the general population (%),numeric,WPR,Western Pacific,Country,NZL,New Zealand,Year,2022,true,,,,,,,,,,,,,0.4,,,,,,0.4,,,EN,2025-01-07T18:30:00.000Z
HEPATITIS_HCV_PREVALENCE_PER100,Prevalence of chronic hepatitis C (HCV) ) in the general population (%),numeric,WPR,Western Pacific,Country,PHL,Philippines,Year,2022,true,,,,,,,,,,,,,0.4,,,,,,0.4,,,EN,2025-01-07T18:30:00.000Z
HEPATITIS_HCV_PREVALENCE_PER100,Prevalence of chronic hepatitis C (HCV) ) in the general population (%),numeric,EUR,Europe,Country,PRT,Portugal,Year,2022,true,,,,,,,,,,,,,0.4,,,,,,0.4,,,EN,2025-01-07T18:30:00.000Z
HEPATITIS_HCV_PREVALENCE_PER100,Prevalence of chronic hepatitis C (HCV) ) in the general population (%),numeric,AFR,Africa,Country,ZAF,South Africa,Year,2022,true,,,,,,,,,,,,,0.4,,,,,,0.4,,,EN,2025-01-07T18:30:00.000Z
HEPATITIS_HCV_PREVALENCE_PER100,Prevalence of chronic hepatitis C (HCV) ) in the general population (%),numeric,EUR,Europe,Country,CHE,Switzerland,Year,2022,true,,,,,,,,,,,,,0.4,,,,,,0.4,,,EN,2025-01-07T18:30:00.000Z
HEPATITIS_HCV_PREVALENCE_PER100,Prevalence of chronic hepatitis C (HCV) ) in the general population (%),numeric,EMR,Eastern Mediterranean,Country,TUN,Tunisia,Year,2022,true,,,,,,,,,,,,,0.4,,,,,,0.4,,,EN,2025-01-07T18:30:00.000Z
HEPATITIS_HCV_PREVALENCE_PER100,Prevalence of chronic hepatitis C (HCV) ) in the general population (%),numeric,AFR,Africa,Country,ZWE,Zimbabwe,Year,2022,true,,,,,,,,,,,,,0.4,,,,,,0.4,,,EN,2025-01-07T18:30:00.000Z
HEPATITIS_HCV_PREVALENCE_PER100,Prevalence of chronic hepatitis C (HCV) ) in the general population (%),numeric,AFR,Africa,Country,AGO,Angola,Year,2022,true,,,,,,,,,,,,,0.5,,,,,,0.5,,,EN,2025-01-07T18:30:00.000Z
HEPATITIS_HCV_PREVALENCE_PER100,Prevalence of chronic hepatitis C (HCV) ) in the general population (%),numeric,AFR,Africa,Country,COG,Congo,Year,2022,true,,,,,,,,,,,,,0.5,,,,,,0.5,,,EN,2025-01-07T18:30:00.000Z
HEPATITIS_HCV_PREVALENCE_PER100,Prevalence of chronic hepatitis C (HCV) ) in the general population (%),numeric,AMR,Americas,Country,CRI,Costa Rica,Year,2022,true,,,,,,,,,,,,,0.5,,,,,,0.5,,,EN,2025-01-07T18:30:00.000Z
HEPATITIS_HCV_PREVALENCE_PER100,Prevalence of chronic hepatitis C (HCV) ) in the general population (%),numeric,EUR,Europe,Country,HRV,Croatia,Year,2022,true,,,,,,,,,,,,,0.5,,,,,,0.5,,,EN,2025-01-07T18:30:00.000Z
HEPATITIS_HCV_PREVALENCE_PER100,Prevalence of chronic hepatitis C (HCV) ) in the general population (%),numeric,AMR,Americas,Country,CUB,Cuba,Year,2022,true,,,,,,,,,,,,,0.5,,,,,,0.5,,,EN,2025-01-07T18:30:00.000Z
HEPATITIS_HCV_PREVALENCE_PER100,Prevalence of chronic hepatitis C (HCV) ) in the general population (%),numeric,AFR,Africa,Country,GNQ,Equatorial Guinea,Year,2022,true,,,,,,,,,,,,,0.5,,,,,,0.5,,,EN,2025-01-07T18:30:00.000Z
HEPATITIS_HCV_PREVALENCE_PER100,Prevalence of chronic hepatitis C (HCV) ) in the general population (%),numeric,AFR,Africa,Country,ETH,Ethiopia,Year,2022,true,,,,,,,,,,,,,0.5,,,,,,0.5,,,EN,2025-01-07T18:30:00.000Z
HEPATITIS_HCV_PREVALENCE_PER100,Prevalence of chronic hepatitis C (HCV) ) in the general population (%),numeric,EUR,Europe,Country,FIN,Finland,Year,2022,true,,,,,,,,,,,,,0.5,,,,,,0.5,,,EN,2025-01-07T18:30:00.000Z
HEPATITIS_HCV_PREVALENCE_PER100,Prevalence of chronic hepatitis C (HCV) ) in the general population (%),numeric,AMR,Americas,Country,GTM,Guatemala,Year,2022,true,,,,,,,,,,,,,0.5,,,,,,0.5,,,EN,2025-01-07T18:30:00.000Z
HEPATITIS_HCV_PREVALENCE_PER100,Prevalence of chronic hepatitis C (HCV) ) in the general population (%),numeric,AMR,Americas,Country,HND,Honduras,Year,2022,true,,,,,,,,,,,,,0.5,,,,,,0.5,,,EN,2025-01-07T18:30:00.000Z
HEPATITIS_HCV_PREVALENCE_PER100,Prevalence of chronic hepatitis C (HCV) ) in the general population (%),numeric,WPR,Western Pacific,Country,IDN,Indonesia,Year,2022,true,,,,,,,,,,,,,0.5,,,,,,0.5,,,EN,2025-01-07T18:30:00.000Z
HEPATITIS_HCV_PREVALENCE_PER100,Prevalence of chronic hepatitis C (HCV) ) in the general population (%),numeric,EMR,Eastern Mediterranean,Country,KWT,Kuwait,Year,2022,true,,,,,,,,,,,,,0.5,,,,,,0.5,,,EN,2025-01-07T18:30:00.000Z
HEPATITIS_HCV_PREVALENCE_PER100,Prevalence of chronic hepatitis C (HCV) ) in the general population (%),numeric,AMR,Americas,Country,MEX,Mexico,Year,2022,true,,,,,,,,,,,,,0.5,,,,,,0.5,,,EN,2025-01-07T18:30:00.000Z
HEPATITIS_HCV_PREVALENCE_PER100,Prevalence of chronic hepatitis C (HCV) ) in the general population (%),numeric,AMR,Americas,Country,NIC,Nicaragua,Year,2022,true,,,,,,,,,,,,,0.5,,,,,,0.5,,,EN,2025-01-07T18:30:00.000Z
HEPATITIS_HCV_PREVALENCE_PER100,Prevalence of chronic hepatitis C (HCV) ) in the general population (%),numeric,AFR,Africa,Country,RWA,Rwanda,Year,2022,true,,,,,,,,,,,,,0.5,,,,,,0.5,,,EN,2025-01-07T18:30:00.000Z
HEPATITIS_HCV_PREVALENCE_PER100,Prevalence of chronic hepatitis C (HCV) ) in the general population (%),numeric,EUR,Europe,Country,SVK,Slovakia,Year,2022,true,,,,,,,,,,,,,0.5,,,,,,0.5,,,EN,2025-01-07T18:30:00.000Z
HEPATITIS_HCV_PREVALENCE_PER100,Prevalence of chronic hepatitis C (HCV) ) in the general population (%),numeric,SEAR,South-East Asia,Country,THA,Thailand,Year,2022,true,,,,,,,,,,,,,0.5,,,,,,0.5,,,EN,2025-01-07T18:30:00.000Z
HEPATITIS_HCV_PREVALENCE_PER100,Prevalence of chronic hepatitis C (HCV) ) in the general population (%),numeric,AMR,Americas,Country,URY,Uruguay,Year,2022,true,,,,,,,,,,,,,0.5,,,,,,0.5,,,EN,2025-01-07T18:30:00.000Z
HEPATITIS_HCV_PREVALENCE_PER100,Prevalence of chronic hepatitis C (HCV) ) in the general population (%),numeric,AFR,Africa,Country,DZA,Algeria,Year,2022,true,,,,,,,,,,,,,0.6,,,,,,0.6,,,EN,2025-01-07T18:30:00.000Z
HEPATITIS_HCV_PREVALENCE_PER100,Prevalence of chronic hepatitis C (HCV) ) in the general population (%),numeric,AMR,Americas,Country,ATG,Antigua and Barbuda,Year,2022,true,,,,,,,,,,,,,0.6,,,,,,0.6,,,EN,2025-01-07T18:30:00.000Z
HEPATITIS_HCV_PREVALENCE_PER100,Prevalence of chronic hepatitis C (HCV) ) in the general population (%),numeric,AMR,Americas,Country,BHS,Bahamas,Year,2022,true,,,,,,,,,,,,,0.6,,,,,,0.6,,,EN,2025-01-07T18:30:00.000Z
HEPATITIS_HCV_PREVALENCE_PER100,Prevalence of chronic hepatitis C (HCV) ) in the general population (%),numeric,AMR,Americas,Country,BRB,Barbados,Year,2022,true,,,,,,,,,,,,,0.6,,,,,,0.6,,,EN,2025-01-07T18:30:00.000Z
HEPATITIS_HCV_PREVALENCE_PER100,Prevalence of chronic hepatitis C (HCV) ) in the general population (%),numeric,AMR,Americas,Country,BLZ,Belize,Year,2022,true,,,,,,,,,,,,,0.6,,,,,,0.6,,,EN,2025-01-07T18:30:00.000Z
HEPATITIS_HCV_PREVALENCE_PER100,Prevalence of chronic hepatitis C (HCV) ) in the general population (%),numeric,EUR,Europe,Country,BIH,Bosnia and Herzegovina,Year,2022,true,,,,,,,,,,,,,0.6,,,,,,0.6,,,EN,2025-01-07T18:30:00.000Z
HEPATITIS_HCV_PREVALENCE_PER100,Prevalence of chronic hepatitis C (HCV) ) in the general population (%),numeric,AFR,Africa,Country,CMR,Cameroon,Year,2022,true,,,,,,,,,,,,,0.6,,,,,,0.6,,,EN,2025-01-07T18:30:00.000Z
HEPATITIS_HCV_PREVALENCE_PER100,Prevalence of chronic hepatitis C (HCV) ) in the general population (%),numeric,AMR,Americas,Country,COL,Colombia,Year,2022,true,,,,,,,,,,,,,0.6,,,,,,0.6,,,EN,2025-01-07T18:30:00.000Z
HEPATITIS_HCV_PREVALENCE_PER100,Prevalence of chronic hepatitis C (HCV) ) in the general population (%),numeric,EUR,Europe,Country,CZE,Czechia,Year,2022,true,,,,,,,,,,,,,0.6,,,,,,0.6,,,EN,2025-01-07T18:30:00.000Z
HEPATITIS_HCV_PREVALENCE_PER100,Prevalence of chronic hepatitis C (HCV) ) in the general population (%),numeric,AMR,Americas,Country,DMA,Dominica,Year,2022,true,,,,,,,,,,,,,0.6,,,,,,0.6,,,EN,2025-01-07T18:30:00.000Z
HEPATITIS_HCV_PREVALENCE_PER100,Prevalence of chronic hepatitis C (HCV) ) in the general population (%),numeric,AMR,Americas,Country,DOM,Dominican Republic,Year,2022,true,,,,,,,,,,,,,0.6,,,,,,0.6,,,EN,2025-01-07T18:30:00.000Z
HEPATITIS_HCV_PREVALENCE_PER100,Prevalence of chronic hepatitis C (HCV) ) in the general population (%),numeric,AMR,Americas,Country,ECU,Ecuador,Year,2022,true,,,,,,,,,,,,,0.6,,,,,,0.6,,,EN,2025-01-07T18:30:00.000Z
HEPATITIS_HCV_PREVALENCE_PER100,Prevalence of chronic hepatitis C (HCV) ) in the general population (%),numeric,AMR,Americas,Country,GRD,Grenada,Year,2022,true,,,,,,,,,,,,,0.6,,,,,,0.6,,,EN,2025-01-07T18:30:00.000Z
HEPATITIS_HCV_PREVALENCE_PER100,Prevalence of chronic hepatitis C (HCV) ) in the general population (%),numeric,AMR,Americas,Country,GUY,Guyana,Year,2022,true,,,,,,,,,,,,,0.6,,,,,,0.6,,,EN,2025-01-07T18:30:00.000Z
HEPATITIS_HCV_PREVALENCE_PER100,Prevalence of chronic hepatitis C (HCV) ) in the general population (%),numeric,AMR,Americas,Country,HTI,Haiti,Year,2022,true,,,,,,,,,,,,,0.6,,,,,,0.6,,,EN,2025-01-07T18:30:00.000Z
HEPATITIS_HCV_PREVALENCE_PER100,Prevalence of chronic hepatitis C (HCV) ) in the general population (%),numeric,AMR,Americas,Country,JAM,Jamaica,Year,2022,true,,,,,,,,,,,,,0.6,,,,,,0.6,,,EN,2025-01-07T18:30:00.000Z
HEPATITIS_HCV_PREVALENCE_PER100,Prevalence of chronic hepatitis C (HCV) ) in the general population (%),numeric,WPR,Western Pacific,Country,LAO,Lao People's Democratic Republic,Year,2022,true,,,,,,,,,,,,,0.6,,,,,,0.6,,,EN,2025-01-07T18:30:00.000Z
HEPATITIS_HCV_PREVALENCE_PER100,Prevalence of chronic hepatitis C (HCV) ) in the general population (%),numeric,SEAR,South-East Asia,Country,MDV,Maldives,Year,2022,true,,,,,,,,,,,,,0.6,,,,,,0.6,,,EN,2025-01-07T18:30:00.000Z
HEPATITIS_HCV_PREVALENCE_PER100,Prevalence of chronic hepatitis C (HCV) ) in the general population (%),numeric,AFR,Africa,Country,MUS,Mauritius,Year,2022,true,,,,,,,,,,,,,0.6,,,,,,0.6,,,EN,2025-01-07T18:30:00.000Z
HEPATITIS_HCV_PREVALENCE_PER100,Prevalence of chronic hepatitis C (HCV) ) in the general population (%),numeric,EUR,Europe,Country,MNE,Montenegro,Year,2022,true,,,,,,,,,,,,,0.6,,,,,,0.6,,,EN,2025-01-07T18:30:00.000Z
HEPATITIS_HCV_PREVALENCE_PER100,Prevalence of chronic hepatitis C (HCV) ) in the general population (%),numeric,AFR,Africa,Country,NGA,Nigeria,Year,2022,true,,,,,,,,,,,,,0.6,,,,,,0.6,,,EN,2025-01-07T18:30:00.000Z
HEPATITIS_HCV_PREVALENCE_PER100,Prevalence of chronic hepatitis C (HCV) ) in the general population (%),numeric,EUR,Europe,Country,MKD,North Macedonia,Year,2022,true,,,,,,,,,,,,,0.6,,,,,,0.6,,,EN,2025-01-07T18:30:00.000Z
HEPATITIS_HCV_PREVALENCE_PER100,Prevalence of chronic hepatitis C (HCV) ) in the general population (%),numeric,AMR,Americas,Country,KNA,Saint Kitts and Nevis,Year,2022,true,,,,,,,,,,,,,0.6,,,,,,0.6,,,EN,2025-01-07T18:30:00.000Z
HEPATITIS_HCV_PREVALENCE_PER100,Prevalence of chronic hepatitis C (HCV) ) in the general population (%),numeric,AMR,Americas,Country,LCA,Saint Lucia,Year,2022,true,,,,,,,,,,,,,0.6,,,,,,0.6,,,EN,2025-01-07T18:30:00.000Z
HEPATITIS_HCV_PREVALENCE_PER100,Prevalence of chronic hepatitis C (HCV) ) in the general population (%),numeric,AMR,Americas,Country,VCT,Saint Vincent and the Grenadines,Year,2022,true,,,,,,,,,,,,,0.6,,,,,,0.6,,,EN,2025-01-07T18:30:00.000Z
HEPATITIS_HCV_PREVALENCE_PER100,Prevalence of chronic hepatitis C (HCV) ) in the general population (%),numeric,EUR,Europe,Country,SRB,Serbia,Year,2022,true,,,,,,,,,,,,,0.6,,,,,,0.6,,,EN,2025-01-07T18:30:00.000Z
HEPATITIS_HCV_PREVALENCE_PER100,Prevalence of chronic hepatitis C (HCV) ) in the general population (%),numeric,AFR,Africa,Country,SYC,Seychelles,Year,2022,true,,,,,,,,,,,,,0.6,,,,,,0.6,,,EN,2025-01-07T18:30:00.000Z
HEPATITIS_HCV_PREVALENCE_PER100,Prevalence of chronic hepatitis C (HCV) ) in the general population (%),numeric,SEAR,South-East Asia,Country,LKA,Sri Lanka,Year,2022,true,,,,,,,,,,,,,0.6,,,,,,0.6,,,EN,2025-01-07T18:30:00.000Z
HEPATITIS_HCV_PREVALENCE_PER100,Prevalence of chronic hepatitis C (HCV) ) in the general population (%),numeric,AMR,Americas,Country,SUR,Suriname,Year,2022,true,,,,,,,,,,,,,0.6,,,,,,0.6,,,EN,2025-01-07T18:30:00.000Z
HEPATITIS_HCV_PREVALENCE_PER100,Prevalence of chronic hepatitis C (HCV) ) in the general population (%),numeric,SEAR,South-East Asia,Country,TLS,Timor-Leste,Year,2022,true,,,,,,,,,,,,,0.6,,,,,,0.6,,,EN,2025-01-07T18:30:00.000Z
HEPATITIS_HCV_PREVALENCE_PER100,Prevalence of chronic hepatitis C (HCV) ) in the general population (%),numeric,AMR,Americas,Country,TTO,Trinidad and Tobago,Year,2022,true,,,,,,,,,,,,,0.6,,,,,,0.6,,,EN,2025-01-07T18:30:00.000Z
HEPATITIS_HCV_PREVALENCE_PER100,Prevalence of chronic hepatitis C (HCV) ) in the general population (%),numeric,AMR,Americas,Country,VEN,Venezuela (Bolivarian Republic of),Year,2022,true,,,,,,,,,,,,,0.6,,,,,,0.6,,,EN,2025-01-07T18:30:00.000Z
HEPATITIS_HCV_PREVALENCE_PER100,Prevalence of chronic hepatitis C (HCV) ) in the general population (%),numeric,AMR,Americas,Country,ARG,Argentina,Year,2022,true,,,,,,,,,,,,,0.7,,,,,,0.7,,,EN,2025-01-07T18:30:00.000Z
HEPATITIS_HCV_PREVALENCE_PER100,Prevalence of chronic hepatitis C (HCV) ) in the general population (%),numeric,EUR,Europe,Country,ARM,Armenia,Year,2022,true,,,,,,,,,,,,,0.7,,,,,,0.7,,,EN,2025-01-07T18:30:00.000Z
HEPATITIS_HCV_PREVALENCE_PER100,Prevalence of chronic hepatitis C (HCV) ) in the general population (%),numeric,AFR,Africa,Country,CIV,Cote d'Ivoire,Year,2022,true,,,,,,,,,,,,,0.7,,,,,,0.7,,,EN,2025-01-07T18:30:00.000Z
HEPATITIS_HCV_PREVALENCE_PER100,Prevalence of chronic hepatitis C (HCV) ) in the general population (%),numeric,AFR,Africa,Country,CPV,Cabo Verde,Year,2022,true,,,,,,,,,,,,,0.7,,,,,,0.7,,,EN,2025-01-07T18:30:00.000Z
HEPATITIS_HCV_PREVALENCE_PER100,Prevalence of chronic hepatitis C (HCV) ) in the general population (%),numeric,AFR,Africa,Country,COM,Comoros,Year,2022,true,,,,,,,,,,,,,0.7,,,,,,0.7,,,EN,2025-01-07T18:30:00.000Z
HEPATITIS_HCV_PREVALENCE_PER100,Prevalence of chronic hepatitis C (HCV) ) in the general population (%),numeric,EMR,Eastern Mediterranean,Country,DJI,Djibouti,Year,2022,true,,,,,,,,,,,,,0.7,,,,,,0.7,,,EN,2025-01-07T18:30:00.000Z
HEPATITIS_HCV_PREVALENCE_PER100,Prevalence of chronic hepatitis C (HCV) ) in the general population (%),numeric,AFR,Africa,Country,ERI,Eritrea,Year,2022,true,,,,,,,,,,,,,0.7,,,,,,0.7,,,EN,2025-01-07T18:30:00.000Z
HEPATITIS_HCV_PREVALENCE_PER100,Prevalence of chronic hepatitis C (HCV) ) in the general population (%),numeric,AFR,Africa,Country,GMB,Gambia,Year,2022,true,,,,,,,,,,,,,0.7,,,,,,0.7,,,EN,2025-01-07T18:30:00.000Z
HEPATITIS_HCV_PREVALENCE_PER100,Prevalence of chronic hepatitis C (HCV) ) in the general population (%),numeric,AFR,Africa,Country,GIN,Guinea,Year,2022,true,,,,,,,,,,,,,0.7,,,,,,0.7,,,EN,2025-01-07T18:30:00.000Z
HEPATITIS_HCV_PREVALENCE_PER100,Prevalence of chronic hepatitis C (HCV) ) in the general population (%),numeric,AFR,Africa,Country,GNB,Guinea-Bissau,Year,2022,true,,,,,,,,,,,,,0.7,,,,,,0.7,,,EN,2025-01-07T18:30:00.000Z
HEPATITIS_HCV_PREVALENCE_PER100,Prevalence of chronic hepatitis C (HCV) ) in the general population (%),numeric,EUR,Europe,Country,ISR,Israel,Year,2022,true,,,,,,,,,,,,,0.7,,,,,,0.7,,,EN,2025-01-07T18:30:00.000Z
HEPATITIS_HCV_PREVALENCE_PER100,Prevalence of chronic hepatitis C (HCV) ) in the general population (%),numeric,EUR,Europe,Country,ITA,Italy,Year,2022,true,,,,,,,,,,,,,0.7,,,,,,0.7,,,EN,2025-01-07T18:30:00.000Z
HEPATITIS_HCV_PREVALENCE_PER100,Prevalence of chronic hepatitis C (HCV) ) in the general population (%),numeric,AFR,Africa,Country,LBR,Liberia,Year,2022,true,,,,,,,,,,,,,0.7,,,,,,0.7,,,EN,2025-01-07T18:30:00.000Z
HEPATITIS_HCV_PREVALENCE_PER100,Prevalence of chronic hepatitis C (HCV) ) in the general population (%),numeric,AFR,Africa,Country,MWI,Malawi,Year,2022,true,,,,,,,,,,,,,0.7,,,,,,0.7,,,EN,2025-01-07T18:30:00.000Z
HEPATITIS_HCV_PREVALENCE_PER100,Prevalence of chronic hepatitis C (HCV) ) in the general population (%),numeric,AFR,Africa,Country,MLI,Mali,Year,2022,true,,,,,,,,,,,,,0.7,,,,,,0.7,,,EN,2025-01-07T18:30:00.000Z
HEPATITIS_HCV_PREVALENCE_PER100,Prevalence of chronic hepatitis C (HCV) ) in the general population (%),numeric,AFR,Africa,Country,MRT,Mauritania,Year,2022,true,,,,,,,,,,,,,0.7,,,,,,0.7,,,EN,2025-01-07T18:30:00.000Z
HEPATITIS_HCV_PREVALENCE_PER100,Prevalence of chronic hepatitis C (HCV) ) in the general population (%),numeric,AFR,Africa,Country,MOZ,Mozambique,Year,2022,true,,,,,,,,,,,,,0.7,,,,,,0.7,,,EN,2025-01-07T18:30:00.000Z
HEPATITIS_HCV_PREVALENCE_PER100,Prevalence of chronic hepatitis C (HCV) ) in the general population (%),numeric,AFR,Africa,Country,NER,Niger,Year,2022,true,,,,,,,,,,,,,0.7,,,,,,0.7,,,EN,2025-01-07T18:30:00.000Z
HEPATITIS_HCV_PREVALENCE_PER100,Prevalence of chronic hepatitis C (HCV) ) in the general population (%),numeric,EUR,Europe,Country,ROU,Romania,Year,2022,true,,,,,,,,,,,,,0.7,,,,,,0.7,,,EN,2025-01-07T18:30:00.000Z
HEPATITIS_HCV_PREVALENCE_PER100,Prevalence of chronic hepatitis C (HCV) ) in the general population (%),numeric,AFR,Africa,Country,STP,Sao Tome and Principe,Year,2022,true,,,,,,,,,,,,,0.7,,,,,,0.7,,,EN,2025-01-07T18:30:00.000Z
HEPATITIS_HCV_PREVALENCE_PER100,Prevalence of chronic hepatitis C (HCV) ) in the general population (%),numeric,AFR,Africa,Country,SEN,Senegal,Year,2022,true,,,,,,,,,,,,,0.7,,,,,,0.7,,,EN,2025-01-07T18:30:00.000Z
HEPATITIS_HCV_PREVALENCE_PER100,Prevalence of chronic hepatitis C (HCV) ) in the general population (%),numeric,AFR,Africa,Country,SLE,Sierra Leone,Year,2022,true,,,,,,,,,,,,,0.7,,,,,,0.7,,,EN,2025-01-07T18:30:00.000Z
HEPATITIS_HCV_PREVALENCE_PER100,Prevalence of chronic hepatitis C (HCV) ) in the general population (%),numeric,EMR,Eastern Mediterranean,Country,SOM,Somalia,Year,2022,true,,,,,,,,,,,,,0.7,,,,,,0.7,,,EN,2025-01-07T18:30:00.000Z
HEPATITIS_HCV_PREVALENCE_PER100,Prevalence of chronic hepatitis C (HCV) ) in the general population (%),numeric,AFR,Africa,Country,SSD,South Sudan,Year,2022,true,,,,,,,,,,,,,0.7,,,,,,0.7,,,EN,2025-01-07T18:30:00.000Z
HEPATITIS_HCV_PREVALENCE_PER100,Prevalence of chronic hepatitis C (HCV) ) in the general population (%),numeric,AFR,Africa,Country,TGO,Togo,Year,2022,true,,,,,,,,,,,,,0.7,,,,,,0.7,,,EN,2025-01-07T18:30:00.000Z
HEPATITIS_HCV_PREVALENCE_PER100,Prevalence of chronic hepatitis C (HCV) ) in the general population (%),numeric,AFR,Africa,Country,UGA,Uganda,Year,2022,true,,,,,,,,,,,,,0.7,,,,,,0.7,,,EN,2025-01-07T18:30:00.000Z
HEPATITIS_HCV_PREVALENCE_PER100,Prevalence of chronic hepatitis C (HCV) ) in the general population (%),numeric,AFR,Africa,Country,ZMB,Zambia,Year,2022,true,,,,,,,,,,,,,0.7,,,,,,0.7,,,EN,2025-01-07T18:30:00.000Z
HEPATITIS_HCV_PREVALENCE_PER100,Prevalence of chronic hepatitis C (HCV) ) in the general population (%),numeric,AFR,Africa,Country,TCD,Chad,Year,2022,true,,,,,,,,,,,,,0.8,,,,,,0.8,,,EN,2025-01-07T18:30:00.000Z
HEPATITIS_HCV_PREVALENCE_PER100,Prevalence of chronic hepatitis C (HCV) ) in the general population (%),numeric,EUR,Europe,Country,LTU,Lithuania,Year,2022,true,,,,,,,,,,,,,0.8,,,,,,0.8,,,EN,2025-01-07T18:30:00.000Z
HEPATITIS_HCV_PREVALENCE_PER100,Prevalence of chronic hepatitis C (HCV) ) in the general population (%),numeric,EMR,Eastern Mediterranean,Country,YEM,Yemen,Year,2022,true,,,,,,,,,,,,,0.8,,,,,,0.8,,,EN,2025-01-07T18:30:00.000Z
HEPATITIS_HCV_PREVALENCE_PER100,Prevalence of chronic hepatitis C (HCV) ) in the general population (%),numeric,EUR,Europe,Country,ALB,Albania,Year,2022,true,,,,,,,,,,,,,0.9,,,,,,0.9,,,EN,2025-01-07T18:30:00.000Z
HEPATITIS_HCV_PREVALENCE_PER100,Prevalence of chronic hepatitis C (HCV) ) in the general population (%),numeric,AFR,Africa,Country,BEN,Benin,Year,2022,true,,,,,,,,,,,,,0.9,,,,,,0.9,,,EN,2025-01-07T18:30:00.000Z
HEPATITIS_HCV_PREVALENCE_PER100,Prevalence of chronic hepatitis C (HCV) ) in the general population (%),numeric,EUR,Europe,Country,BGR,Bulgaria,Year,2022,true,,,,,,,,,,,,,0.9,,,,,,0.9,,,EN,2025-01-07T18:30:00.000Z
HEPATITIS_HCV_PREVALENCE_PER100,Prevalence of chronic hepatitis C (HCV) ) in the general population (%),numeric,EUR,Europe,Country,EST,Estonia,Year,2022,true,,,,,,,,,,,,,0.9,,,,,,0.9,,,EN,2025-01-07T18:30:00.000Z
HEPATITIS_HCV_PREVALENCE_PER100,Prevalence of chronic hepatitis C (HCV) ) in the general population (%),numeric,AFR,Africa,Country,KEN,Kenya,Year,2022,true,,,,,,,,,,,,,0.9,,,,,,0.9,,,EN,2025-01-07T18:30:00.000Z
HEPATITIS_HCV_PREVALENCE_PER100,Prevalence of chronic hepatitis C (HCV) ) in the general population (%),numeric,WPR,Western Pacific,Country,VNM,Viet Nam,Year,2022,true,,,,,,,,,,,,,0.9,,,,,,0.9,,,EN,2025-01-07T18:30:00.000Z
HEPATITIS_HCV_PREVALENCE_PER100,Prevalence of chronic hepatitis C (HCV) ) in the general population (%),numeric,WPR,Western Pacific,Country,COK,Cook Islands,Year,2022,true,,,,,,,,,,,,,1,,,,,,1,,,EN,2025-01-07T18:30:00.000Z
HEPATITIS_HCV_PREVALENCE_PER100,Prevalence of chronic hepatitis C (HCV) ) in the general population (%),numeric,WPR,Western Pacific,Country,KIR,Kiribati,Year,2022,true,,,,,,,,,,,,,1,,,,,,1,,,EN,2025-01-07T18:30:00.000Z
HEPATITIS_HCV_PREVALENCE_PER100,Prevalence of chronic hepatitis C (HCV) ) in the general population (%),numeric,WPR,Western Pacific,Country,MHL,Marshall Islands,Year,2022,true,,,,,,,,,,,,,1,,,,,,1,,,EN,2025-01-07T18:30:00.000Z
HEPATITIS_HCV_PREVALENCE_PER100,Prevalence of chronic hepatitis C (HCV) ) in the general population (%),numeric,WPR,Western Pacific,Country,FSM,Micronesia (Federated States of),Year,2022,true,,,,,,,,,,,,,1,,,,,,1,,,EN,2025-01-07T18:30:00.000Z
HEPATITIS_HCV_PREVALENCE_PER100,Prevalence of chronic hepatitis C (HCV) ) in the general population (%),numeric,WPR,Western Pacific,Country,NRU,Nauru,Year,2022,true,,,,,,,,,,,,,1,,,,,,1,,,EN,2025-01-07T18:30:00.000Z
HEPATITIS_HCV_PREVALENCE_PER100,Prevalence of chronic hepatitis C (HCV) ) in the general population (%),numeric,WPR,Western Pacific,Country,NIU,Niue,Year,2022,true,,,,,,,,,,,,,1,,,,,,1,,,EN,2025-01-07T18:30:00.000Z
HEPATITIS_HCV_PREVALENCE_PER100,Prevalence of chronic hepatitis C (HCV) ) in the general population (%),numeric,WPR,Western Pacific,Country,PLW,Palau,Year,2022,true,,,,,,,,,,,,,1,,,,,,1,,,EN,2025-01-07T18:30:00.000Z
HEPATITIS_HCV_PREVALENCE_PER100,Prevalence of chronic hepatitis C (HCV) ) in the general population (%),numeric,WPR,Western Pacific,Country,WSM,Samoa,Year,2022,true,,,,,,,,,,,,,1,,,,,,1,,,EN,2025-01-07T18:30:00.000Z
HEPATITIS_HCV_PREVALENCE_PER100,Prevalence of chronic hepatitis C (HCV) ) in the general population (%),numeric,WPR,Western Pacific,Country,SLB,Solomon Islands,Year,2022,true,,,,,,,,,,,,,1,,,,,,1,,,EN,2025-01-07T18:30:00.000Z
HEPATITIS_HCV_PREVALENCE_PER100,Prevalence of chronic hepatitis C (HCV) ) in the general population (%),numeric,WPR,Western Pacific,Country,TON,Tonga,Year,2022,true,,,,,,,,,,,,,1,,,,,,1,,,EN,2025-01-07T18:30:00.000Z
HEPATITIS_HCV_PREVALENCE_PER100,Prevalence of chronic hepatitis C (HCV) ) in the general population (%),numeric,WPR,Western Pacific,Country,TUV,Tuvalu,Year,2022,true,,,,,,,,,,,,,1,,,,,,1,,,EN,2025-01-07T18:30:00.000Z
HEPATITIS_HCV_PREVALENCE_PER100,Prevalence of chronic hepatitis C (HCV) ) in the general population (%),numeric,WPR,Western Pacific,Country,VUT,Vanuatu,Year,2022,true,,,,,,,,,,,,,1,,,,,,1,,,EN,2025-01-07T18:30:00.000Z
HEPATITIS_HCV_PREVALENCE_PER100,Prevalence of chronic hepatitis C (HCV) ) in the general population (%),numeric,EMR,Eastern Mediterranean,Country,BHR,Bahrain,Year,2022,true,,,,,,,,,,,,,1.1,,,,,,1.1,,,EN,2025-01-07T18:30:00.000Z
HEPATITIS_HCV_PREVALENCE_PER100,Prevalence of chronic hepatitis C (HCV) ) in the general population (%),numeric,WPR,Western Pacific,Country,PNG,Papua New Guinea,Year,2022,true,,,,,,,,,,,,,1.1,,,,,,1.1,,,EN,2025-01-07T18:30:00.000Z
HEPATITIS_HCV_PREVALENCE_PER100,Prevalence of chronic hepatitis C (HCV) ) in the general population (%),numeric,EMR,Eastern Mediterranean,Country,SDN,Sudan,Year,2022,true,,,,,,,,,,,,,1.1,,,,,,1.1,,,EN,2025-01-07T18:30:00.000Z
HEPATITIS_HCV_PREVALENCE_PER100,Prevalence of chronic hepatitis C (HCV) ) in the general population (%),numeric,AFR,Africa,Country,BFA,Burkina Faso,Year,2022,true,,,,,,,,,,,,,1.2,,,,,,1.2,,,EN,2025-01-07T18:30:00.000Z
HEPATITIS_HCV_PREVALENCE_PER100,Prevalence of chronic hepatitis C (HCV) ) in the general population (%),numeric,WPR,Western Pacific,Country,KHM,Cambodia,Year,2022,true,,,,,,,,,,,,,1.2,,,,,,1.2,,,EN,2025-01-07T18:30:00.000Z
HEPATITIS_HCV_PREVALENCE_PER100,Prevalence of chronic hepatitis C (HCV) ) in the general population (%),numeric,AFR,Africa,Country,GHA,Ghana,Year,2022,true,,,,,,,,,,,,,1.3,,,,,,1.3,,,EN,2025-01-07T18:30:00.000Z
HEPATITIS_HCV_PREVALENCE_PER100,Prevalence of chronic hepatitis C (HCV) ) in the general population (%),numeric,EMR,Eastern Mediterranean,Country,SYR,Syrian Arab Republic,Year,2022,true,,,,,,,,,,,,,1.3,,,,,,1.3,,,EN,2025-01-07T18:30:00.000Z
HEPATITIS_HCV_PREVALENCE_PER100,Prevalence of chronic hepatitis C (HCV) ) in the general population (%),numeric,EMR,Eastern Mediterranean,Country,LBY,Libya,Year,2022,true,,,,,,,,,,,,,1.4,,,,,,1.4,,,EN,2025-01-07T18:30:00.000Z
HEPATITIS_HCV_PREVALENCE_PER100,Prevalence of chronic hepatitis C (HCV) ) in the general population (%),numeric,EMR,Eastern Mediterranean,Country,QAT,Qatar,Year,2022,true,,,,,,,,,,,,,1.5,,,,,,1.5,,,EN,2025-01-07T18:30:00.000Z
HEPATITIS_HCV_PREVALENCE_PER100,Prevalence of chronic hepatitis C (HCV) ) in the general population (%),numeric,EMR,Eastern Mediterranean,Country,ARE,United Arab Emirates,Year,2022,true,,,,,,,,,,,,,1.5,,,,,,1.5,,,EN,2025-01-07T18:30:00.000Z
HEPATITIS_HCV_PREVALENCE_PER100,Prevalence of chronic hepatitis C (HCV) ) in the general population (%),numeric,EUR,Europe,Country,LVA,Latvia,Year,2022,true,,,,,,,,,,,,,1.6,,,,,,1.6,,,EN,2025-01-07T18:30:00.000Z
HEPATITIS_HCV_PREVALENCE_PER100,Prevalence of chronic hepatitis C (HCV) ) in the general population (%),numeric,EUR,Europe,Country,RUS,Russian Federation,Year,2022,true,,,,,,,,,,,,,1.9,,,,,,1.9,,,EN,2025-01-07T18:30:00.000Z
HEPATITIS_HCV_PREVALENCE_PER100,Prevalence of chronic hepatitis C (HCV) ) in the general population (%),numeric,EUR,Europe,Country,KAZ,Kazakhstan,Year,2022,true,,,,,,,,,,,,,2,,,,,,2,,,EN,2025-01-07T18:30:00.000Z
HEPATITIS_HCV_PREVALENCE_PER100,Prevalence of chronic hepatitis C (HCV) ) in the general population (%),numeric,EUR,Europe,Country,BLR,Belarus,Year,2022,true,,,,,,,,,,,,,2.1,,,,,,2.1,,,EN,2025-01-07T18:30:00.000Z
HEPATITIS_HCV_PREVALENCE_PER100,Prevalence of chronic hepatitis C (HCV) ) in the general population (%),numeric,EUR,Europe,Country,MDA,Republic of Moldova,Year,2022,true,,,,,,,,,,,,,2.1,,,,,,2.1,,,EN,2025-01-07T18:30:00.000Z
HEPATITIS_HCV_PREVALENCE_PER100,Prevalence of chronic hepatitis C (HCV) ) in the general population (%),numeric,EUR,Europe,Country,GEO,Georgia,Year,2022,true,,,,,,,,,,,,,2.3,,,,,,2.3,,,EN,2025-01-07T18:30:00.000Z
HEPATITIS_HCV_PREVALENCE_PER100,Prevalence of chronic hepatitis C (HCV) ) in the general population (%),numeric,EUR,Europe,Country,KGZ,Kyrgyzstan,Year,2022,true,,,,,,,,,,,,,2.5,,,,,,2.5,,,EN,2025-01-07T18:30:00.000Z
HEPATITIS_HCV_PREVALENCE_PER100,Prevalence of chronic hepatitis C (HCV) ) in the general population (%),numeric,EUR,Europe,Country,TKM,Turkmenistan,Year,2022,true,,,,,,,,,,,,,2.5,,,,,,2.5,,,EN,2025-01-07T18:30:00.000Z
HEPATITIS_HCV_PREVALENCE_PER100,Prevalence of chronic hepatitis C (HCV) ) in the general population (%),numeric,EUR,Europe,Country,TJK,Tajikistan,Year,2022,true,,,,,,,,,,,,,2.6,,,,,,2.6,,,EN,2025-01-07T18:30:00.000Z
HEPATITIS_HCV_PREVALENCE_PER100,Prevalence of chronic hepatitis C (HCV) ) in the general population (%),numeric,EUR,Europe,Country,UZB,Uzbekistan,Year,2022,true,,,,,,,,,,,,,3,,,,,,3,,,EN,2025-01-07T18:30:00.000Z
HEPATITIS_HCV_PREVALENCE_PER100,Prevalence of chronic hepatitis C (HCV) ) in the general population (%),numeric,AFR,Africa,Country,BDI,Burundi,Year,2022,true,,,,,,,,,,,,,3.3,,,,,,3.3,,,EN,2025-01-07T18:30:00.000Z
HEPATITIS_HCV_PREVALENCE_PER100,Prevalence of chronic hepatitis C (HCV) ) in the general population (%),numeric,EUR,Europe,Country,UKR,Ukraine,Year,2022,true,,,,,,,,,,,,,3.4,,,,,,3.4,,,EN,2025-01-07T18:30:00.000Z
HEPATITIS_HCV_PREVALENCE_PER100,Prevalence of chronic hepatitis C (HCV) ) in the general population (%),numeric,WPR,Western Pacific,Country,MNG,Mongolia,Year,2022,true,,,,,,,,,,,,,3.7,,,,,,3.7,,,EN,2025-01-07T18:30:00.000Z
HEPATITIS_HCV_PREVALENCE_PER100,Prevalence of chronic hepatitis C (HCV) ) in the general population (%),numeric,EMR,Eastern Mediterranean,Country,PAK,Pakistan,Year,2022,true,,,,,,,,,,,,,4.1,,,,,,4.1,,,EN,2025-01-07T18:30:00.000Z
HEPATITIS_HCV_PREVALENCE_PER100,Prevalence of chronic hepatitis C (HCV) ) in the general population (%),numeric,AFR,Africa,Country,GAB,Gabon,Year,2022,true,,,,,,,,,,,,,4.3,,,,,,4.3,,,EN,2025-01-07T18:30:00.000Z
